1,12390699142135;-0,176853374604377;0,0866297705209654;0,807097108233179;-0,906399668868978;-0,222744547145564;-0,0635343097278251;-0,094561376879495;-0,227221290991725;-0,0554992589154888;-1,72215355666303;0,390589978850859;-1,49065099129205;-0,591589430982343;1,36598986396079;0,275658789339943;0,10882955144372;1,18419832539013;-0,549639831266467;-1,2347474088602;1,47627516126679;-0,929475711169597;0,421196164964038;0,276338101541008;0,238731754290334;1,62112029952534;1,5563463744278;-0,0422129955618834;-0,502053740245416;-2,2209499186414;1,45412190057948;-0,21241971500201;0,235450044847985;-1,2833685479504;-0,134041252331693;0,0969985193066045;-0,903465088032773;1,18085082258116;-0,763336927296404;1,52197333020919;0,742397226954379;-1,27092751937997;0,116387156863776;1,72454790915631;0,351189908442662;0,736266259303368;-0,990439083890912;0,205835341268402;1,74881332093537;0,296593893508061;1,43761217599545;0,228623458756814;0,169029701132689;-1,65376272957781;1,52303266469064;0,487977053563216;1,7231687433486;-2,20631164372281;-1,88903499997602;-1,98275560671808;-0,0981854387626218;1,89412952159287;0,652189651661571;-0,581155203262058;-0,511022930889262;1,12845650306347;2,11887658057508;0,308220581093825;-1,96261304415864;-0,16480741742;0,832212583297328;0,0377070121637738;-0,0298324644909035
-0,49366916282921;0,831061893786152;0,142589545380141;0,968126829360405;1,22017920546646;-1,54574139117486;-2,24860239503762;1,07141615967103;-0,386819012157117;0,53093705738646;1,032039733703;-0,928483078829913;-0,417741257389835;1,24214610047948;0,33158079341626;-0,407808309797822;1,54292820571405;0,282471977660994;-0,595816804972745;1,02781428392552;-1,37184780347235;-0,514051260300762;-0,1692645052876;0,437720021107864;-0,890625857594107;-0,06730335022149;0,209909221045795;0,0346948023049663;-0,921406228352042;-0,202824786227967;-0,371221449606515;1,84231702572875;-1,21754783097431;1,00039656730687;1,44187821744294;0,194488169546107;1,39067795925877;1,72330889031736;-1,13383235091641;-1,64959098232282;1,98116458754104;-0,176219335695249;-1,5196989941096;-0,93424410062116;0,980046752348601;-0,912531642231466;-1,89801555108313;1,93813397444105;-0,163191438717135;0,334339578526018;-0,753633806913399;1,04608351058513;0,291912762056845;0,743769384960461;1,01396635732898;1,40946350372272;-1,2782141573347;-1,55208276188089;0,274039260870681;-0,640964557247635;-0,485868805971333;-0,219504654602112;-0,676876613500458;0,686772437560043;-0,837621631004802;-1,98739313068945;-0,951570073932655;0,418836696752519;1,29918514585251;-0,805170298183454;0,282840114877181;0,644982925939634;-0,0421740607180096
-1,28165670391831;1,70349574621864;0,430938626283184;-0,370687463277312;-0,694590377084511;0,0290627288206949;-0,909268697200036;0,195603270646422;0,41216335758332;-0,542490256689036;0,276910088871575;-0,473216210024686;0,11704501515701;-0,502996836192823;-0,0373237879461462;-0,403592169222632;-1,34846914668865;-0,731832065040736;1,00524605538377;-0,391135329534431;2,05288190404488;0,600727396559406;0,399956289834782;0,762426877258875;-1,5532267165809;-1,54182582723836;0,779758132006643;-1,52424504974038;-0,551612173892115;1,12302106462462;-1,13092332532984;-0,985847789165393;0,251011819845911;-0,571074887836283;0,113628285979146;1,91779557776073;1,75800447249128;0,143913212423702;1,28164543792992;0,186753031893806;-0,579802193305975;1,09344607770159;1,43837998608249;-1,62748036673781;-1,66112633281258;0,587299972690145;0,45956974453538;0,711971044344812;0,187843365172671;-0,922623784274956;1,70295843680071;1,07376692363821;1,42756254070104;-0,174904002474836;0,633058387127562;-0,0668534909344152;-0,695086689442865;1,55276292919913;-0,590392147075025;-1,65139240730437;1,10504755442894;-1,46431228495023;-1,92602588092647;1,01179912150869;-0,351907270131397;-1,16581292735558;1,23009358406459;-1,49871556872993;1,76993144412178;0,378975921912024;-0,668322089701882;0,832787830017401;0,117981854602043
-1,9787890558231;-1,86589200290263;-1,68877475532829;1,54942990515531;-0,84121420064786;0,131049374347799;0,197507812819147;-0,456726443093455;-1,29729394500068;-0,683888104980573;-1,65832014098648;-1,79248003074535;-0,857730960884921;-0,43667224281071;0,972158255720954;0,783536519545614;-2,02547738455141;0,778710507367677;1,44789931952923;-0,852844693153164;0,678492405243406;0,897486418849919;-1,58645529191119;0,399622011651356;1,03676636162522;1,62673006561502;1,17948917282644;0,295138265127328;-0,525692096249315;1,08050941213952;-1,7363799199083;1,05612192744257;-1,50176484834699;-0,307081766025288;0,172187875181409;-0,553732431917857;-0,865890459245045;-0,305857431296922;1,20249822985337;-0,617256258741217;-0,238781128982514;0,11666115393104;0,658299933841775;0,776937592019153;1,54652570247914;0,162630141108899;0,784730186221745;0,616132469384785;0,918943824985601;-0,604019666702487;0,788886100096282;0,854826966795168;-0,806462369815805;0,0677859417286718;-0,166792716563185;-0,322192503575493;0,961910987955837;-0,712402226883912;0,997268594701046;-0,206460817441652;1,11629679900596;1,73238174272134;-1,34815917069346;-0,693737747014585;-1,45469025397456;-1,1255499487305;1,16437397238447;0,481028816506159;1,01199811061029;0,0711970340143058;-0,174343858372572;-0,389205589827248;0,598735323680812
0,753510234114218;0,273870226470035;-0,726677037972628;1,55848338918029;0,0367995910707182;1,10226021147087;-1,1084564821302;-1,7318683723944;-1,96421709913094;0,712074752179112;-1,31266006209286;1,27420329238415;-0,416684579095607;0,138711898844207;0,131135148996676;1,18862666052344;-0,692450065998704;-0,887015442635622;-1,82308411121366;0,0917895923090749;-0,528591428140449;-0,222988574264119;0,371713688483628;-0,338177634292087;-0,122984408977476;-0,492922531138181;0,924686920708132;0,592062435450607;-1,51835603599455;1,6197181731068;-0,990893251280594;0,528128548779381;-0,189364543543742;1,20826417819747;0,668549588475952;1,54809804140774;-1,01462132332679;-0,628707326006812;-0,491061934928116;-0,15569406458292;0,832743594635783;-0,28137213337225;0,811871960453143;-0,972120916726048;1,44963692908065;-0,185624300638856;1,13640127916872;0,312682855007679;-0,283291026779783;-1,97316109454337;0,0528486624622588;-0,584052144898896;0,0261135971959241;1,15849251367957;-0,0875480634764988;-1,17607232675238;1,5727926637544;1,57470255538657;0,0177944094937549;-1,59737416037076;-1,9706514950672;-0,158590246452615;1,46290532778726;-1,89352445646073;-0,134926810880847;-0,442085298713168;-0,517635993088641;0,0192246994868786;0,916162601849505;0,216517563149123;0,313443856715565;1,59195927121539;1,42601792580603
0,344275818716025;1,56704206713141;1,26372066657974;0,254750088336726;-0,643195933672981;-0,567779056451235;-1,23066323719927;-0,558792416133228;-1,348191425299;-0,668318580721216;-1,17484655045953;0,158392196954673;1,77578469410047;-0,664781967313405;1,01850603330513;-0,0668660028566794;-0,545270251951524;-2,04923109293452;-1,57067721049248;1,11513489943745;-0,166951543390622;0,670423835890591;-0,582804089087748;-0,774557860802068;1,33680277582919;1,06514594150463;-0,301489201952863;-1,35744168103627;-0,562049314967027;1,50554997192399;1,71107641467147;-0,824949673183178;0,33238304093916;0,249229027137023;-1,9913442232262;-2,19602327513909;-0,385300418407425;0,615169835141652;0,137366993723663;-0,417551250867225;0,536650319152789;-0,0548616392473577;1,0774624793388;-1,31360218052215;1,07349750266954;0,449563725144346;0,644824379005599;-1,5172709573627;0,396787333398268;-1,53369197729275;-0,317604493619582;-0,047222399874735;-0,807561620131338;-0,930388947367706;-0,371132710283195;-1,68718874437763;-0,250719321868029;0,193551481102307;1,91000530416063;-0,0170902537440477;1,3844957154004;1,63367113521584;-0,292207357305965;0,169944112844464;0,299971862693232;0,457652447324736;1,7581613505855;-1,10343050834185;-1,6359597713993;0,232710273513855;0,734187497653818;2,25363780293539;0,0653294382375033
1,34355427336063;-0,657023725334571;2,01295999888242;1,15094721415297;-1,67501882747791;0,963515891148023;-0,261103148425295;-0,966261323666876;-0,428541122068318;-0,63705318817087;-1,25989348106931;-0,0640161279493853;0,0722166767106514;-0,874858999286283;-0,101651257079332;1,9883766409288;-1,73347935709211;0,259354074262364;-0,935939312486871;0,868280968713217;-1,22801525457958;0,56536177762502;0,402920599479618;-0,424803296115631;-0,0645376880792937;1,58979371982436;-0,434753308556262;0,836520241743064;-0,476889875969327;-1,07837491002219;-1,02026497141089;-0,599499093778218;-0,217345538861148;-0,805001111494827;0,0418690415278261;1,56881126096219;1,01450615130683;-0,481357303794881;0,65610744321597;1,58907579166741;1,34659028221288;-0,515280362526461;1,05692041357355;1,1599583252076;-0,949677182056789;-2,03914747897374;-1,51383446232273;0,325417505804421;0,0657926435601308;0,00883299946258068;-1,22636114291545;-0,911016441172074;1,33637830267438;-0,516689640788854;-0,78606395978424;-1,07192855211128;1,22295049598365;1,10254311780402;-0,311293539075191;-1,40838712030265;-0,211874206679929;0,296291808186905;1,94314736389105;-1,05725893641768;-1,40089659183032;1,64425406993844;-0,642021274733461;-0,0661994789407331;1,06445075464238;0,489634405342865;-0,0826316493174778;1,02747307051653;1,70822779489237
-0,731878776627278;1,06048795911525;1,23430455347105;1,64332495317704;1,33536362951808;-1,24285467017171;-0,685994375015293;1,30543089615716;1,33709934961341;-1,37679813773281;1,05904650780021;-1,80485163268272;-0,981984525163667;0,723470556631677;-1,76901524565663;0,979355037763428;-0,747954868164842;-1,24653261031667;-1,81066742479465;-1,31700492863728;-0,48086564575514;-0,510507487487828;-1,43129342861305;-0,723061347608155;0,415074605979609;0,262076961862873;-0,368280256993411;1,4719333566348;1,47810226163545;1,18592811395971;1,11768395214514;-1,29725039271066;-0,0045750458252691;-0,801270740643898;-0,654573411154315;-0,238936737158141;-0,639669502220242;-0,0590034442401435;1,48909820596342;0,653027963703741;2,05615542934785;0,150408308754135;-0,201916784218477;-0,294799845028169;-1,08838386382365;-1,3382293107948;-1,78841100390968;-0,458371669910959;1,10869883067029;-0,0343780083985105;-0,231306830415518;0,562194895042985;-0,677838759688587;0,383641995491716;0,64484716053352;1,43345155460818;0,447372435690677;0,437125129861861;-0,802599934333797;-0,229505070255075;1,16732459936707;0,609142446577565;1,39005102577942;-1,88802022741087;-0,894358672204815;1,26082532826644;0,117730891742126;1,09228001678596;-0,907499191774985;0,301219812152728;0,127534997582985;0,992565149590764;-1,25296207058969
-0,853223395448916;-1,79326094267757;1,75782093083649;1,73055015578954;0,462766492115541;-1,12388580264197;-0,727916246580171;-0,217532557897293;-1,31362284528478;1,14786671239885;-0,940991762765234;-1,06683727869134;-1,43261417421632;0,757497982520884;0,898810854058907;0,183948544228249;-0,101153869547912;0,769252973071783;0,62576175112598;-1,42698471568712;0,139042625963112;0,842753021729945;-0,414440979647267;0,0435194781158212;-0,43701600144083;-0,35726549481813;-0,745369152528442;-0,240311565454056;-1,65120854189117;1,21627154636031;-1,01587675094883;1,92743514413805;0,988424380631772;-0,369181958470638;0,822934930860193;0,102386523538081;-0,0375629133878123;1,8246203635253;-1,70052514378289;-0,406126355401493;0,980096473712763;1,33173114203046;1,33718526686723;-0,367288601003489;0,0722604834359206;-0,851129527014926;0,736623390303266;-1,66786260514141;1,29301943436537;-1,33777211833311;0,479227214602209;1,50054840120362;0,272502965580164;0,0693510447142044;0,129632217731636;-0,153316088499441;-0,39867784855633;-0,675504125661372;-0,564549672676187;0,25794716913936;1,70149421584191;0,94247066819386;-1,92924909790653;-1,78797865980664;1,01731138959263;-0,271064138150749;1,06084946830643;1,49664981043476;1,75258586447718;-1,04581786726614;-1,68251295168745;-0,622118276040872;-0,0361229279974283
0,0451453278750651;0,0419092829885542;0,662112133152517;-1,11616384387892;-0,76219813882036;1,7870734167439;1,32153026279176;-0,534627666528085;-0,641409781053056;1,39739372194563;-1,054430112134;-0,929292549020909;-0,0118626854448693;-0,361799954677928;1,88031171168269;1,10137644474461;-0,653706344880863;-1,45597105949508;-0,969260084383591;0,587702254909944;0,283742716416061;0,0335037351829687;1,12304321246065;0,715091138097585;0,623851665647592;1,10489500422968;-1,51374196505509;-1,33128789077204;-1,28646415683749;-1,21837078151993;-0,0311441087651448;-1,39329442023365;-0,181872757523736;-0,47293374997251;-0,557125908066185;-0,633355696331406;-1,26783149001739;0,266248731303728;-0,425780925075693;0,0718743023414464;0,281470848386657;-0,528488587919025;0,740127278706967;-0,954336347026946;-1,07234682223006;1,95357248234304;-0,678557533706229;-0,722343202422187;0,832342306089789;-0,95219450373646;1,01472744952832;-0,567399914670883;1,74185387229424;1,40310987264186;-0,929373940851772;1,70172020656496;0,789705641038138;-1,27774962342824;0,448475402962214;-0,17496553978964;1,73123530143495;1,2391900576885;-0,777796573135846;-0,709839602257401;0,10680348741358;-1,21446280697277;1,09989612844702;-1,22244975321166;-1,23702147328183;1,01156482813467;0,956390684533256;1,06718771219986;0,952222171700537
0,653502118262817;-1,25592596332939;-0,998506662026184;1,04687627343626;0,334571215441109;-0,324694207247041;0,726426792677477;0,408481939702603;1,06680260413595;-0,742966811224177;1,28005722207144;-0,499312821905551;-1,58932848036186;-1,72971055898403;0,145386501696791;-1,14199131028565;-0,487544332476736;0,646845151492024;-0,617962265636118;1,63479288990245;1,87701991801799;-0,429906352879218;0,662494649613663;-1,87539603454086;-0,651163498729978;1,09085914913316;-1,61338946811975;-1,12755499668032;-1,13264088014652;-1,28438055916201;1,73132089883295;1,12471549017662;2,3057950369067;-0,0108674046685227;-0,824503998445877;0,990175542454472;1,53211958286157;-1,09385026344094;-1,23961202440732;0,168288115420855;1,6919199944804;1,32631502773183;0,603447629431073;0,272911303761109;-0,493821737279135;1,3251445720831;-0,617986015218739;1,93736260782599;-0,676698210306429;1,47498008276153;1,10124375393076;-1,40663623915713;1,06780172785979;0,965801674494888;1,38924809759726;-0,330335398805063;-0,667411209084931;-1,73135980668969;-0,360643696926235;1,36598077395658;-0,0413811960841371;-0,441069808020156;-0,441589476947489;0,714753284263437;0,0514393238970514;-1,24854066992324;-0,940855313104756;-0,789205686729313;1,44228851568084;1,07404570913844;-0,968614641746512;-1,62759690551863;-0,0963309818471864
-0,292903147787985;-1,93778415141239;-1,10227920136029;-0,0523200799401427;-1,27396125550032;1,15524616952803;0,25982084128909;-0,272247163555064;-1,25350296255244;1,7667661422945;-1,21134158512837;-0,783240643720811;1,42013895632541;1,00324053316107;-1,67907622014974;1,14839461659543;-1,24487872000844;-0,311716173768785;1,26312769091845;1,81916141892433;-0,896846890519025;-1,59474965651422;0,0147844353290369;-0,240616758525923;-0,23087882596306;-0,814970614757852;-1,34858106985783;-0,530819606889602;1,31593733717433;-1,17275815013159;-0,560351112495454;0,741254747989599;0,968470940520089;0,640056027374497;-1,10037291826045;1,59287060191924;0,566184998261523;1,47720711659242;-0,480873443622232;0,271094277830767;1,00575779214266;0,0439268013217272;-0,0843665278033976;-0,0640628925700982;-0,657453958094424;-0,784388220801609;-0,203735002622989;0,548669186187347;-0,411675933993126;0,988415518927176;0,994935088431039;0,543997845390302;-0,288266367275395;-1,03360404157104;-1,04555916222316;0,300868363158515;0,0133363565536613;0,552009418147159;1,23539903449602;2,3273701789804;1,22608108930579;-0,694822625673398;0,273613000595393;1,31938142499322;0,168037014627026;0,628747832585265;0,725623959461787;-0,713752897084515;0,720974413033938;-0,817079555109771;-0,898498662470873;-1,31942753961163;-1,92184715833464
-0,237221321989078;-1,29490586546468;1,50135324249161;0,334856048595568;-1,69680188395547;-1,13557943495066;-0,276637753947642;0,208261174568114;-0,203328927470023;-1,08750162380708;-0,833059662256149;-0,466338568011072;1,94584692847841;-1,03873139636671;0,214311058114395;0,278881145123179;0,770537275723373;-0,453155833984793;1,51118984119659;-1,6955665046864;-1,22753100739675;1,17596985167052;0,382138754813498;1,16596252023621;0,591043649364442;1,50445878406161;0,633680083904539;0,833470774391753;-0,529461180167174;1,90726420940026;-1,57893881900348;-0,18444191857511;-0,0804613468133778;0,122540735635899;-0,891309130020048;-1,730164952574;-0,54599480261942;1,58840737577812;-0,79024147679895;0,247871023751157;1,02160739242086;-0,800305894072119;-0,668274209618097;-1,49442873381891;-0,47395742101948;0,704510799928486;1,31473259338942;-0,351405482862852;-1,00421973886652;0,841169338640289;1,61370292752827;1,68296032045748;-0,984391705420743;-0,769750408975686;0,372335627117802;0,257880481483384;0,232239344114569;-1,19899683653233;-1,59664720591798;-0,516758107472716;0,0562580637824976;0,180809856512977;0,373478097968551;0,646896776628766;-1,89942256402031;1,75050584492649;1,320622181064;0,294815210318694;-1,62057463282153;-0,232745179391879;-1,01290698524011;1,78369774179859;-1,17099767311644
-0,263999002177188;-0,511347326173378;1,97763637230828;0,0555185726899352;-0,032804581660258;0,0322134548531288;1,57258685656765;-1,15931824791882;-0,828188288516311;-0,165284571142038;0,491534675084561;-1,34688677292571;-1,28789607996343;-0,988673715576617;0,0861564344730609;0,874213794276205;0,21492736570831;-0,130737306059805;-0,843981638563967;1,21623051203583;1,63723806288472;-1,26204776041381;-1,09319810418852;1,20422495876374;0,802233198465228;1,76083386200216;0,425251132340977;-1,30987441743736;-0,41937157045467;-0,228227354673937;1,26856375885639;0,128527604917335;-1,15686602209837;1,05025149121416;1,74674068688671;1,30414726584208;1,03405206119914;-1,02049346516185;-0,84894367789128;0,363272149270692;-1,20717688374883;-0,558487322072865;-0,483959931740985;-0,925141879493369;1,49620780131233;-0,164684897890726;-1,13424142693879;0,507996428320696;-1,05286597787204;0,633260519402844;0,12084383919408;-1,55391529095283;1,6660812303156;-1,15432823031468;-0,883148976169025;-0,520226150915501;-0,80169678502673;-0,846761324751608;1,04659102534235;0,0988295201635879;1,55902102565856;1,48262014843797;0,86287207356099;1,16603873804663;0,590214794893497;-1,31598838381176;-1,44962397303109;-0,812331929939856;-0,558078615704986;0,585453238318079;1,37339754257944;-0,447715117454478;-0,932602231555298
0,739654040478267;0,511485620868538;-0,469817347144954;0,553580658816277;-2,0648424748925;0,665100262518312;-1,27201422707733;1,14192312760603;1,04860823492328;1,11386279861409;1,07483048353463;1,54411107899136;1,21828554408251;0,00994352860988612;1,66718525143082;0,370785896215272;-0,120655777593519;-0,116560575762072;0,0917307266274575;-0,7665462079191;0,62092028469029;0,299642395430339;-1,10559402808223;-0,0388366580230718;-0,260759980602529;-0,556084019113585;0,704466640073442;-0,124577752414883;1,24563840574522;-0,678413145943462;-0,274804129353797;0,233414298363339;-1,40800847190012;0,764382846971847;-1,11468624789191;-0,703545662654864;0,530703791220131;0,00171662703357582;-1,69028684407484;-1,22574227588513;-0,195878420130341;0,177754404675327;1,29330436673199;-1,81115980002607;1,03047430632608;1,12405842383273;0,842854731620459;-0,59024316691336;-2,01922108956038;-0,257330188942696;0,747792098365224;-2,20789382518598;-0,799120608726354;1,45257545516815;-0,784380333919949;-1,81787067675344;-0,533369598499445;1,46878823827396;-0,537197328229423;-0,406270191414184;1,26848176888613;0,191968035474389;-1,80687679854794;0,132894876865056;-0,633533569306687;1,46977843354343;0,483946000758335;0,965551001446477;-1,17969767444415;-0,0869808958242722;1,08723436384807;-1,66114880700304;-0,202652120470815
-0,807150080968614;1,18721702925381;-1,21623146392009;0,453310810306607;-1,35129074200089;1,02442710940489;0,442853378021324;0,5175977174174;-0,509491773951518;-0,646871109153539;-1,15997691171102;0,236364645059856;0,139668591628795;-0,868963965118134;-1,44995702821322;-0,427620877974894;-1,1249308422803;1,90031960643584;1,102145395067;-1,22307783936056;0,648728255602455;-0,957169051302599;1,20387009496127;-0,101187897494792;-0,782842609351958;0,589198172139884;1,76171787318479;-1,4530774130426;0,888432194564343;-1,17321353326679;0,28529868782462;0,978181025629824;-0,502959652288894;0,426848742092308;1,66912811519677;-1,49491443092032;-0,882442657332799;0,126156325481247;-0,756359715549228;-0,834494419821729;1,64410289898355;1,05703209969633;0,5607467496777;-0,768954991514421;1,16271991348807;1,61509743788879;1,08460638403091;0,300689718510664;0,151117835867177;-0,0813357232942197;-1,5129360925453;0,0267162003026341;-1,08160625362863;0,922091515800206;0,799860782196153;-2,20994344718371;1,38240228853454;0,0386883470710421;-1,43352908914884;-0,992143344403045;0,742000933332391;-0,461618224406251;0,648339126934284;-1,46204992244747;0,332571722405509;0,81214412012917;2,48850506541156;1,92406584274377;-0,0347635742746655;-1,5166966423337;-0,990447578144967;0,382351427460447;0,366087268213583
-0,217920783094294;-0,148676444971732;0,444800615084979;0,890932137978959;0,215733068707958;0,748262250809278;-0,42650363055373;1,14363672903996;-0,141544045157698;0,203260773510985;-0,936536764404194;-1,30823674857564;-1,3427804933178;-1,29707716361248;1,1094530999691;1,11527432769222;1,55566068341142;-1,44025154415943;1,05956936209422;-0,841787165115202;0,782768037828649;-0,22827866251904;-0,691258069215148;-0,989050390971269;0,248697752675035;-0,130628110455234;-1,4090393866037;1,19528135906522;1,99636130370603;-1,4824152574698;-0,649763752459811;-0,321135423472658;-1,42021241942559;1,5949591962277;0,553160668387429;0,408375356545072;1,5598673421491;-0,424409797789907;-0,281140194662077;1,44621154061418;1,27061737109681;0,253986204173814;-0,746427171759796;0,9030605451128;0,052600543254807;2,46654440305194;0,245521401015531;-0,571680504002255;-0,934625723918961;1,68263475257566;0,266521938449287;-1,53494386751182;1,14708311184031;-0,185411512986612;1,28220623102766;1,63053517386223;-1,99404166406695;0,051253212953773;-1,21157193283429;-1,80581660118663;0,504290578232239;0,0689588545932745;0,58125965639976;-0,0649520342445838;-1,38366191957204;-1,65105343897577;1,22516757114385;-0,692364675819029;0,553246016793264;-0,681594426590355;-1,30480517776865;-0,0278597323242667;0,528793171889347
0,222270207350462;-0,0812523411719439;-0,232908510214579;-0,9028454640204;-0,00284859762977153;0,925066347183848;1,10001106849201;0,399701961521569;0,8903382836525;0,70964849560294;1,83388986162647;-0,297177653562681;-0,0445231006771264;0,216928909593717;1,61642589394359;-1,37301470207292;0,62217595223745;-0,14663451071849;-1,68163481083404;-1,09239540951351;-0,577149532281054;-0,240409852494643;-0,954798739518078;0,00590481037291238;0,71629331448968;0,546836479914441;-0,237448210381107;-0,66151734422272;0,13419468319243;0,662847371961183;0,770626126455254;1,78881047390055;0,752677535372159;-0,370719823197701;-1,48827663455755;1,15552851214886;0,0665753092018198;0,70415125955789;0,028560889600586;-1,38494534801901;1,02837094971384;-1,27492041418199;1,87103792677827;1,11089585209738;1,62922749420968;-1,31198231472816;1,71131032940071;-0,739803938301881;0,379899280594377;-1,40513626851852;0,905386874670338;1,76296506534934;2,08892780831089;0,00120574139747814;-0,446423520445902;-1,04321426823199;-1,47563101743458;1,09233678129163;-0,311119834008959;-2,69299511834652;-0,360062030251441;-0,703558393494977;-0,357252192392572;-0,300420826555125;-1,7221259529224;-1,08229582539256;-0,370455180254246;-0,877138356666279;0,129908054408478;-1,7134007815206;0,366690430004909;-0,588034140439505;1,43591794047536
-1,87849715527985;-0,535836671239972;-1,49763188144737;0,647138203125372;-0,901360911582763;0,536146229237639;0,562066892471749;0,0572957386437617;1,61166082847358;-0,466344007263684;-0,157057675896251;1,17978238050023;1,40841622406962;1,44920265521746;-0,683028999463741;1,07776072290763;1,09764799929101;0,788677269935259;0,792808684871543;-0,939949508253527;-0,628871258399701;0,617683512780712;-1,00187324321868;-2,25801170276393;0,808234541455682;1,82894146919368;1,53438212784678;-0,0788445583213049;1,21287217876147;1,87252250313638;0,235146836577229;-0,233352599091572;0,367183651495009;-1,22417161392708;1,3593485545398;-0,904207707891998;-0,601725060823044;0,708980990253205;1,13254789656451;-1,12581422984916;0,731159188670387;0,175705982556343;0,347623716143512;1,46919527201368;0,360914824240991;-1,31521289470529;-1,52289062219451;-1,3406747297981;-1,28489766064902;-1,17126557780977;0,685623958082647;-0,543925294648365;-1,56934715886278;-1,36725156142305;-0,475070869050467;-0,414209470400889;-1,41155047127771;-1,5055595540318;0,516374965385594;0,629574748468694;1,26318361102657;-1,11244363191795;0,724258855566721;-1,65866045006194;0,711218405593503;-0,800835592256466;-0,276930669740628;0,809557271263264;-1,19105033336915;-0,567359421866444;0,605284271221773;1,12893865492722;0,805900550484886
0,168130017826949;-0,3548726440348;-1,68100018363735;-0,570605359391062;-0,404466536152518;-0,490310060218775;-0,516850067211801;0,021162591967257;1,0651514917818;-0,29766593465162;0,924334985309713;-1,80520978659906;-0,648242698024505;-0,774744018882951;-0,0945256104510568;-0,121023448138647;0,167917033386699;1,62357152056079;-1,28500595539041;-1,56076255376735;-1,81416341030077;-0,598235492459227;-0,437898364798576;-0,339303485235277;-0,510148295372662;-1,29790964084347;-0,284855151961843;1,19008857761976;-0,0734044957291676;1,74991520981518;0,456659554142247;-0,83583205392227;1,44904067766657;-0,219742790266062;-0,195897575680628;0,103955935599529;-0,226562196129225;1,46689799798487;0,251530091490566;0,366717300542075;-1,28801147434683;-0,942081043444082;1,24337259853991;0,959905820770559;-1,92215165782044;-1,78248835869998;-0,534117718309901;1,36094659973786;0,868270987278051;-0,889517075467625;-0,612925816444062;-0,27157451482454;-1,1966755805494;1,5585345048169;0,63670895625046;-0,423580444215628;-1,37711477209638;0,478873548072286;1,59070484429507;0,350360410939062;1,78654453408729;0,670852700780034;2,12975038725462;1,12333673929543;0,414210789149732;0,309080367551154;-1,99563589027714;0,0606124777502213;1,5178212433942;1,27616170328486;-1,53499439824093;0,866033191109967;-0,688917904493494
0,308791077283388;0,179600155917316;1,29760934449112;-0,134967479171324;-0,0852289051341736;0,303601342603265;-0,762601311255855;1,67269353710025;0,357302059954416;-1,38271647213201;-0,799686494428423;0,10708568452812;-0,310148475060713;1,43892771282162;1,54964040747464;0,781871952812061;-0,985013006955355;0,597397758350678;1,67603156982291;1,75868110553197;-1,60705904835893;0,256520709335931;0,465330754590828;-0,52249944856607;-1,2926735548362;-1,54553961347107;0,541331203553569;1,41498739052336;0,466186759276541;-0,973974875750754;1,05817506686926;-0,628527284150379;0,81534257491401;-1,75456444783254;0,907879795194698;-0,425707454459797;2,02070013630218;1,88604871166902;0,266314178516482;-1,18820234788209;1,12602363199926;0,859502869248749;0,265181145055028;0,149952520515586;1,1561130575591;-0,766002203397672;-0,285168936711593;0,499234684332423;-0,887224447814568;-1,24479655190835;0,882525683711264;-0,115311537932137;-0,306675906283677;0,844039850183242;-1,18441737724756;-1,44421178296057;-1,70598078007599;-0,3013415681912;-0,63185768270945;-0,49741134700976;1,90508019841866;0,0581552648800671;-1,1795401443574;-0,412204454165099;-1,6324519388304;-0,608600860893155;0,936359610787967;-1,77410529961136;-0,854622375442104;0,730895069872659;1,37682755597963;-1,44113049197754;-1,67126431654573
0,954300700507468;-0,64301695049364;0,204906667058407;-1,40857571774776;-0,409188051615155;0,226401732415262;0,956632269910961;0,558403330813204;-1,57547244609675;0,976015513691351;-0,25817298644439;-0,515892388405273;-0,450396631494637;1,11474926785951;1,61904419034189;1,40183806529257;1,13435368946131;-1,07076577222274;-0,244663497596096;0,830842328666751;1,8461250681631;-1,39756725488404;-0,60304432391424;-0,164910562801021;-1,18867053666569;-1,26866612944797;0,305013841552562;-0,294449429091363;-0,438187843567851;-0,538162068911642;-0,235631941233472;-0,690161138391445;0,581890169041684;-0,423024846954654;0,243916446905908;-0,0847453831007707;0,889574403699362;1,49756306933793;0,931306446999055;-1,5724559012221;-0,270419028574419;-1,95553248283935;1,56499091678666;0,562017801582682;1,48416181711628;-1,62515108673245;1,52180327984982;-0,32796903980426;1,6226341670622;-0,614401677681352;-0,695644230755292;0,446837999687244;-0,0770032836115259;-0,176950475355358;-1,03801327380175;0,501368617083865;1,91851159119079;-1,21098531439729;1,50518683753768;-1,22444832790017;1,6657960179038;-0,0700359104575374;-1,13416145322679;0,420618225337318;-0,76262350840039;-1,15282491311695;0,958842912863171;-1,30121243348826;-0,716821160799327;0,107949648534727;-0,843760305406406;1,34681854099547;-0,124897836164549
-0,5525877693035;-0,669918749134792;1,53023477266267;-0,80436363496157;0,538685929254415;0,188249339738636;-0,969402381538449;-0,794941336801759;-0,69904890443136;0,0526504131687468;-1,53430989380912;-1,19282092112333;1,2267179174831;1,01044505240886;-1,02363723879669;-0,821781549828457;1,50994212055979;0,134382195461203;0,234462901228236;1,7826981058708;0,303820078344399;-1,20044682886131;-1,58088813911937;1,08006943619251;-0,557879467772125;-0,466181335853836;0,734136431962554;-0,705836190676702;1,14528397748093;-1,28472244705316;-0,169904414085886;-1,16389772409785;-0,249799511489243;-1,05163139524547;-1,15906793301117;-1,01881238812699;-1,04911616064446;-0,245732246195045;-0,356846185608639;0,609928641599651;0,956501905535054;1,52863328904999;0,831832264673785;1,47583158754693;-0,844656815288989;0,10700924952053;0,138253948634688;-0,260987573117422;0,354570203713036;1,24040861921637;-0,498604122110612;1,82300941163033;0,631874597320646;1,57108752407373;1,33880442546157;-0,725684734917387;-0,734819290487405;-1,05619135718341;1,34172762694208;-0,501310987018588;1,38890620898391;1,53324965512572;-0,0714428343833203;-0,914644947757858;-1,42871174867493;1,4347682373287;0,753518360814172;0,627208639406103;0,549838813517013;-1,57845290199541;-1,382122733582;0,250044484031899;-1,15344431045282
1,33867248707666;-0,990363503240761;0,874437219131144;-0,821869607331339;-1,31564457460987;0,297214953474704;1,31342831941587;0,950731277865348;-1,1501641677424;0,508456279658902;-1,13242094616533;0,81688748349876;-0,458775239065179;-0,204707979928796;0,0278360276328592;-0,789706736707371;1,00857820400432;1,31717287768462;-2,04990542586743;0,147853984484815;-1,31362931929697;1,12278562700604;1,34835619262698;-0,302439990909927;0,11086238997933;1,16982759220287;-0,626791564873285;1,3794646817256;0,981079223571567;0,485220043057295;0,338533345739311;0,898217849075952;1,44752755763689;1,0174898165893;0,83239574663271;0,14837259999695;-1,02056051787947;0,933296097675485;-1,14291554591853;0,0468031144972703;-1,56445498170656;-0,374684517326163;0,516256854588797;-0,821016406472082;-0,311083355967374;-0,19978912281193;0,906465058782668;-0,829802185578259;-0,771926782674296;-0,272942710103063;0,732590079787024;-1,22779717272208;-1,8187385580051;1,76933791823488;-1,36976038764016;-1,55569132390157;-0,41567959424474;-0,625919000913428;1,16916977106128;-0,651638768860358;-0,709989420867273;-1,23856773347459;2,21888526380838;0,418145116942827;-1,38124661173056;-0,554879676556545;1,39372836903331;0,401664965927122;0,535149220454616;1,03214335228395;-1,77436027551284;-1,0197766574714;0,796764554328225
0,16704977547256;-0,0462600708752547;0,29409471372565;-0,605304788914096;0,584432285801786;-1,32062632612833;-2,03573015308249;-0,636333361742143;1,95051418178331;0,351998136206049;-0,0736223870447829;-1,59653753615681;-0,50159521435671;0,849742271731376;0,924727835329347;0,748615873017433;1,07327730226197;-0,221316505747525;1,80725736557354;-1,09149617819147;1,6183067519636;-0,816371159157918;1,68523783968522;1,00188976949304;-0,781944904166442;-1,40934037929899;-0,867659337722065;0,263557226614773;-1,52710762372213;1,0916662577085;-0,156585168946235;-0,475552196936174;1,14376100143463;-0,161865982790818;0,278244050300975;0,640946093297697;0,296994528800818;1,44374315359993;1,24499765137255;-0,642545532854045;0,778486209276438;-1,30252351937285;-0,707958125441297;0,671206362000206;0,157161893252399;-0,557354865373015;0,769594380403997;0,761662307209133;-0,768881056019526;1,81013197191473;-1,65762609519836;0,283307238851028;-2,13095261799057;-1,53748452712712;0,979396655354865;-0,0530093763575795;0,693122813477471;1,04929133280962;-1,28086297480168;0,981434939601593;1,72073319469725;1,07065100311704;-0,276316824491697;-1,31594486900624;-0,879429793287884;-1,22715285735714;-0,0884744638733139;-1,65315282917585;-0,459595842288297;-0,343818800157443;-1,35767435051649;0,882597952858819;0,453310922636824
0,958946066211631;-0,694642184080828;1,6232308113399;0,981549587464069;0,226149039577226;-0,962107995205256;0,700072681989747;1,04076864724586;0,550874893280013;-0,16384992829224;-0,867666086362014;0,759731340474419;-1,87619216640997;-0,815538562014436;0,798676664214013;0,430779746652248;-0,906672216860592;-1,31521017519205;1,32035511257117;1,51429244678212;-0,107385079711387;-0,223468998894033;-0,770569263565762;1,6011316659865;-1,71347904167023;-0,625796821223223;-0,058817370379104;1,87631379872487;0,313182187920121;-1,07548529486979;1,28563321658976;1,56724643372861;-0,0928544534888192;1,31687415883664;-0,736111831419414;1,0825773045652;1,50076523793827;-0,672187269805263;-1,30150784753374;0,699071285044331;-1,08833621452581;0,857888836974893;-0,507545324344822;-1,05798779299102;-0,955569796044778;-0,257226102937343;-0,694547955703539;0,607106954680628;1,2575697143801;-0,158762910454451;1,43970062006986;-0,628979538254774;-1,43949773455015;1,46825207540356;0,0510598148648608;0,608784272998967;-0,899029443000191;-1,12003093806561;0,639617777361352;-1,40019098023778;1,0901586464232;0,98473477709898;1,41758847018764;-0,883759780806907;0,619968258871394;-0,837858573069839;-0,684369797137434;-1,3871886946592;-1,02164777983694;1,38624714877608;0,393713978386214;1,4047849134743;-1,71278374391464
-1,16446193544351;0,103263931691081;-0,454515047101347;1,17145825293347;-1,70434545483934;0,448010687045833;0,783707278634645;-1,05277053190239;0,168732791529981;-1,2570664179096;-0,869202291137607;-0,247284202429961;0,017404369273435;0,601949259333133;-0,277701908634266;0,178727510509293;0,24754798606507;0,608685379611877;0,907819104278691;0,57691314201227;1,40299603854224;1,48693162908255;0,218966126663543;-1,95390533598701;-1,41065395710385;-0,384875512318392;1,11169856216729;-1,54589488707084;1,27262801781144;0,617839044594425;1,51773397461001;0,775386381905618;-1,60706385067551;-0,957064284988442;1,44174838040488;-1,03357514282673;0,887978626557088;0,300813924958622;1,28668158937859;-0,555287070343763;1,50891595009701;0,777959826273428;-1,41825199242733;0,0149019232593838;0,282414072787946;0,593445322395115;-1,26053985004743;-0,312826721134456;1,39023546273954;0,117320666802895;-0,42982940700289;-1,54959025338397;0,734554431149001;-1,31891894158321;-1,79417607790218;-0,961485462054485;1,32753765932009;-0,41820685122495;0,947496693561516;0,430955628499614;0,918614935531576;0,373182721626438;-0,46697232143347;1,64752293831631;-1,16035186674411;-0,272719027793101;-0,619386932434761;-0,99127231180779;0,66113035373593;-1,39643081185875;0,486895385733431;-1,48474836226735;0,889063496374634
0,0371391319839757;0,899380268721904;-1,0677302372332;1,24748266808193;-1,63489793042492;-0,293421204795474;-0,319469263184726;-0,773410097727436;-0,494654183988989;-1,60961801275596;-0,409035390603033;-0,798672682349521;1,50824084441777;-1,72014337134376;1,83440904242896;-1,02943334564;0,819429720373632;-0,734338376199268;-0,104141695678647;1,21288717238876;-0,983779254546217;0,302876550516803;-0,583836694903782;-0,160806089484138;-1,21683007489857;-0,448181379354588;-1,01086006273723;-0,444016798402396;1,48679558548802;1,09041992777897;1,17812568721141;1,24198809020781;-0,400968970913866;-0,693337194981206;-0,835870238583985;-0,354515287508139;1,41531475630211;-0,0970478326226991;1,75592530434283;1,96283047671442;-0,281734309067376;-0,210126767912309;-0,0527292543114855;0,518247488178558;1,79160563664265;0,679245949957684;-0,654895014756837;-0,222181928140427;-0,380375159813364;-1,58065117460599;-1,6280608791564;1,6050283495898;-0,651528642750772;-0,920667234537952;0,3494473268317;1,64380716277892;-0,303898107987719;1,01542384709616;0,58249905777538;0,761280379066102;-1,05624031116005;-1,64021025086728;-0,370167396526521;0,292677353725446;-0,924234060996021;0,340623776060523;1,56331463330352;0,503305795104488;1,11044073498668;0,439792398100825;-0,446986094411626;-0,962483512757172;-0,593815032099129
-0,0224485218796844;-0,233490810111593;0,862710013610215;-1,97627149298977;0,997796188916927;-0,0806927614886611;0,185093148992865;-1,30601707696379;0,826504428607158;1,96401752319335;1,33752049426464;0,889319310792716;1,21645150297039;-0,105435020688147;-1,12493795784816;0,92031150234941;-1,05996964946171;1,35803516551357;-1,39942814508051;0,884549296625291;-0,550397340184422;1,49627618638896;-0,164298484737676;-1,43660773427483;0,940784069950698;-0,596975230061144;-0,687481133252433;1,1514992982569;0,330667930772189;-0,0523960319841659;1,20666371421862;0,879174696872935;1,11175306270772;0,235923121713684;1,36321502737439;0,558944935321111;1,05370125322968;1,0101972574248;0,577821137177473;-1,15891237493978;-1,07032567586378;-0,442459902007215;-0,134706369012591;-2,0126090491747;0,0347906141329905;1,28749420419415;-0,00106599247853168;-2,00745405994686;1,10108355797854;1,06225854945238;-0,0568450917148007;0,3255799504666;-1,00322290217168;-0,0260549278162854;-1,25748158865077;0,209564902916056;-1,50997233728405;0,924199879901948;-0,957618510124636;-0,815891670168675;-1,80525643068586;0,536519047664867;-0,357922161086763;-1,20358473808047;-1,0417211873596;-1,39425675901563;1,40663002948388;-0,525216660568698;0,253129564516965;-0,573293346319589;1,33063880189896;0,476032407848911;-0,714092028234076
1,12536510505422;0,468998944204358;0,376862821696495;-0,453567923594879;-0,553179177947217;0,0338211813125123;-1,09985744145551;-1,60875779415056;-0,672665197613649;1,63263633117745;1,08070804354576;-0,927485452307083;-1,63235232376194;-0,382163112086591;-0,117243840506179;0,0998838527620026;-1,01902681239176;1,30651663226078;-1,47164864972924;0,43081341041076;-0,267771351906562;-0,987132809113768;0,0428783186305488;-1,51372466504469;-0,920804145752142;1,31637664548497;-0,284466498678699;1,53927569454904;-1,80324329977942;-0,432787806742872;0,225446316155209;1,91708343106162;1,86268533660762;-0,137500599104508;-0,432400983038954;0,891413426513655;-0,529002222046617;-1,01448152240367;0,785825250787285;-0,907023871388921;-1,23234414455844;-0,697025519335789;1,93916607186496;0,458345053725062;0,203570442439822;1,38400429188571;-1,17418294386131;0,689069619195417;0,303200471167385;1,15327662542791;-0,229378517639425;-0,197939197461467;1,17306668962306;1,38973455468409;1,70408623893997;0,71506688581246;-1,30990673694206;-0,593177877861319;-1,24492792311046;0,613330065430912;-1,30100430341498;-0,845046682046794;-1,48327323491813;1,472992265042;0,173558999830398;1,01939299759287;-1,76480801476482;0,302616329730958;-1,24979419248581;0,878427563293175;-1,47748564122467;1,67272258104186;-1,07810200831376
0,921277861781356;-0,374348730064269;-1,21183747906383;-0,293975607224336;0,57984195278209;0,95482519363923;-0,251621237096797;0,655398721118053;0,95550948563384;-0,339100850532682;-0,768477882798192;-1,79737690091055;-1,38734625882419;-1,71280328818906;-1,37607483390595;-0,293051790820451;1,00902719918875;0,477942476714302;-1,65408467547899;-0,987185671263303;-1,04832664068255;-1,02979955693629;-1,46657856451979;-0,891826130591756;1,12408192121444;-0,541229975189816;1,09869078143236;0,863541410582713;-0,705982695930737;0,47362220687373;1,14450268439674;1,08095135377057;0,0868499057084561;-0,602683227577855;-1,50189134393904;-0,031196094975891;1,11738671524029;-1,22704419094121;0,3892030696141;0,667864418570356;1,14293534062104;0,88090493443883;0,00394983140975264;0,972263842956833;1,43642713507851;1,20307296183598;-0,119549329874126;0,888114319572887;-0,71892998432752;-0,21203961472335;-1,13257825846339;-0,973917169028698;-1,87059279638337;1,19716395366571;-1,6956390303567;0,907680072259183;-0,196415196128911;0,960415429910237;0,216666134205362;0,0588605941921033;2,02575558641372;0,796935288623741;0,107576088384659;-1,19763691355231;0,183429283676157;0,218135549430581;0,0669695590228578;1,58930993849816;1,79247274180125;0,0968289536889564;0,146229003963343;0,794636154305687;-1,76822372502412
-0,487750583962621;-1,31233396838805;0,188546153710721;1,01210979736632;-1,04218817482367;0,0135337863645025;1,48659596651592;1,83375733032414;1,71140936796992;-0,48240315788962;1,84153155537474;-0,455885679245978;0,965051901130295;0,652726377861849;0,289096024142693;-1,32914961556195;0,0402435172422658;-1,03337368739873;-1,54761027463855;0,517096172031255;-1,91112194687636;0,511279230569125;-1,31095981604859;-0,237761720137187;-0,850466685733311;-1,22685576145317;-0,0841306735262795;-0,479934507316962;0,0685770232230623;1,35712809516551;0,409608477992727;1,26166382968458;0,758123500407024;-2,18051164301483;0,788758854059728;0,567657047152169;1,2290549994434;1,94562283682035;-1,43224517247946;-0,360757660557105;-0,160617578734979;0,475391946961757;-1,07238966120085;-0,365798235193342;-0,038281873760698;-0,373755037094393;1,04507702989565;1,14690099381773;2,14519727809069;1,01871751169618;-0,16665609862253;0,0301981770152796;-0,497662938035566;-1,76263957508835;1,11074678965203;0,695135594880109;-1,2428066399579;1,44504651812155;-0,767381741811467;-0,595818718975772;-0,994238807908909;0,541480749925191;-0,234747955428003;-1,54073265267774;0,380336738945552;-0,756289726549513;1,57579268923561;0,846821991419551;-0,280020567893383;-1,32788355019944;-0,468441126283405;-0,574834713274196;-1,71852258846266
1,31771274843165;1,88582903770516;0,273201656178612;0,423704948492338;-1,45640033485668;1,2990566276254;0,483851969034277;-0,702432355168342;0,341311150778156;-0,156715389491897;0,937033499449739;-0,645058009954365;-1,18648098002251;-0,419273598447815;0,133977561149961;-1,10391609355854;1,39522067736634;-0,51003689717771;0,751302805350209;0,33205601747381;1,07064024106095;-1,2962390745833;1,72755790672781;-0,952059077512739;2,02164226643067;-0,756976019978168;-1,11252176932343;1,04044178234923;-1,30961028877318;0,50650600193948;1,51876152402611;-1,42558793544466;-0,963408729098958;-0,279580315057668;0,70561478159184;-1,6486034665098;-0,943594403654851;-1,68792421201943;-1,64687178140344;-1,6662615432056;0,0386237050452411;-1,52138746709202;-0,933077443514556;-1,04799993558696;0,548968814833969;1,02221032405673;0,128010230104656;1,66184632950523;-0,284887294167149;-0,11668761252732;-0,952393300228956;0,48916393360559;0,167321297729319;0,965903605393863;-0,80166139687001;0,705356851239465;-1,08722606403895;0,11275611045443;0,707070893450031;0,529426519405525;0,358698405807294;1,4641136653396;-1,62138020033622;1,2329163257018;0,779252878373523;-0,661904608998143;-1,39109238082215;0,696299974668468;0,111049219581707;0,126211096057575;0,848052979262398;0,949395803268098;-0,461313972938999
0,722794387576189;1,54986778408881;0,61760658543651;0,691032974893143;0,470063089129489;-0,666883205882564;-1,25586254647742;1,89887831073038;-0,639897270417254;-0,120189985362343;0,979108526050468;-0,265850594097524;-0,907021726487078;0,324168251465618;-0,57430079961821;-1,50227254311679;-1,49723932368456;-1,60194034395838;1,52693169971334;-0,166597200258368;0,0269169991558508;0,0522147758162799;0,631914518377508;-1,78800338965929;-0,0911965010134156;0,777332282638307;-0,872524639163818;0,744778282061981;0,693976381834771;-0,778192368264579;1,31648143812423;1,00461753029149;0,101437414044345;-1,11985131059086;2,38352058748807;0,915411868053906;0,330644878025836;1,72157737215048;-0,660705916581053;-1,42052413783436;-0,419789354743529;0,940737055659225;-0,826598479377187;0,290611372171321;-0,745946614750414;-0,0875754870484071;-0,278312760832267;1,18859963830618;1,35437841454373;0,668339123496808;0,233629101761635;-0,456287022318945;0,573884340329709;-0,216126656487761;0,736601084788888;-0,698208336213818;-0,465813815475701;0,632682710096244;-1,46649838909697;-1,71577449078402;-1,17337599661312;0,104049519415258;-1,39590891412702;-2,29870070827286;0,288688263088488;1,70387860155185;-1,60758813571666;1,23516355668997;0,647526411384702;0,352316916631416;-0,334578367071922;-1,61092379202498;0,707894333365509
1,09566112646904;-1,63270458784331;0,974107308030347;-1,45856186098892;-1,09717675931507;0,734697995301571;-2,30523959342455;-0,52919239558523;-0,244203986123972;1,19736580741832;-1,21068487026376;0,623881620137855;-0,25208607972551;-1,75901868986204;-1,19740443606462;0,20744733477848;0,285653289734442;0,27802399710186;1,73228839802282;1,34573452131296;-0,558608245203411;1,82175196093466;1,41485980248625;0,627678694932195;-1,00262548069016;0,958675349815817;0,0535534069297629;0,400252062934311;-0,105053589306568;-0,705515449919704;-0,875858765781215;-0,595929454529754;0,614328512353743;0,580764763299942;1,5305700717047;-0,707351661097874;-1,53213004109049;-0,377546375612024;-1,10946073941581;1,60575685973644;-1,06819762503545;0,520754621957618;1,24102696730509;0,470773728352082;-1,39313433662568;-1,20850446628756;-1,08294547346658;1,00535313731681;2,36170312904987;-0,530589247409037;0,959745313391536;-1,23613895898039;-0,576266057293275;-0,567751606640812;-1,04692181425698;1,09274071680746;-0,729050392200115;-1,45876877889331;1,14699111371535;-0,0590704475551173;-0,499807940140309;0,387942765673398;0,600447891684528;-1,39311107382232;0,687594283833047;1,52640719458674;0,133528310746317;1,40903830102592;0,0512339019186128;1,53658164912769;-0,353314142607358;-0,425050350069268;-0,35848971978761
