0,87023263378721;0,996853526979055;1,79820625110856;0,851970350302488;1,0624896129037;-0,738919051468117;-1,48257737189619;1,98531819463985;-0,594722338547212;-0,957266249045661;0,40079913411513;-1,32885346471285;1,83747789051678;0,184736629258443;-1,12240041425002;-1,2482553024508;-0,573223227951473;-0,369600967576476;0,0228897632087397;-1,5187309532818;0,138511005785804;1,48832783669809;-0,381087746964544;1,00646445579911;-1,21662305745954;0,00176056788515602;-1,18839792566018;0,29321928352386;0,603039201089384;2,0974193613352;-1,24752161647622;1,9566602883156;0,323791695069042;0,39235919221534;-0,108003383037697;-0,00281055406539616;0,432060822999914;-0,934739028839106;1,04344923819114;-0,527296295834943;-0,626692538255562;1,15218392972127;1,15026364853716;-0,52875823337377;-0,352443470628356;-1,0200374453949;-1,21094005752344;-1,52310377505368;-0,702808948746829;1,08654647251263;1,50791764145428;-1,00014220107737;-1,02424344395844;1,24671308787638;-0,867040293368479;1,47987873036023;-0,155169829075642;-0,741369307709793;0,535482304742786;-0,472382058000701;-1,08363222882718;0,322177277851058;-0,150832109468777;-0,594167766611299;-1,24285573558868;0,542112779070643;0,44532877348922;-0,0879924047178024;-1,2403710907231;0,97838407308649;0,417657807820393;-1,17159530213161;0,684923727503498
-1,23007964876383;0,857634789091449;0,741620948477664;-1,43239947674665;-1,61399518315406;-0,458728404245236;1,52095107458247;-0,598179540843587;-1,43560262840142;-0,804839613781167;1,24728791799989;-1,192580744457;1,47250442685867;1,08831580700023;0,8281788978801;-0,553638611054849;0,193945671266825;-1,60952306107038;-0,635635366116177;0,306169406771502;-0,30905638294405;-1,22421395733744;0,803429537917888;-0,512037556028829;-0,0910197582825677;-1,07374246934518;0,855233302268038;0,310800169108279;0,637395748804119;1,43878481435888;0,104946612070313;-1,11686222966422;0,800852132136194;0,101252670357958;1,66904346839846;-1,7159486330508;-0,152718255244773;0,796476810474519;-0,581421286901531;1,16749489132025;0,405664366567488;1,56350351472671;-1,64537246993003;-0,935287714425942;0,0247273461501306;-1,42154779351221;-1,24205093693919;0,844623717658304;1,01244896047437;-1,57770466898103;0,0388776493528465;0,495279548523975;-1,01342353845921;-0,0077483914902358;-1,08508682307123;1,70258687487542;-1,70063664092248;-0,501183387589551;0,367072847837738;1,16819985249294;0,394490859788542;-0,544690986621852;0,472877276654111;-1,16593487645849;0,798666340450336;0,609308255568067;-0,284980310291376;-0,383590135595336;1,12772490490358;0,789285638834856;1,30753221049174;1,10592142709412;0,680350792132967
-0,110249011735662;1,51367664359438;-0,176430179837207;-1,2912841354084;-0,0353712984005307;1,09686567546998;-0,424462169444876;-1,53230383932816;-1,682624311233;0,93969636923852;0,418722864357752;-0,358329148519333;1,23644638633637;1,50991743138405;-0,921969750726457;-0,561904421644444;1,5765424574173;1,59392086084362;-1,36057633974379;-1,28342447325826;-0,0592434768639898;-0,955900755110103;-0,78684734230197;-0,653139447793525;1,15151075560535;-0,0443094234732438;1,05128688228674;0,525126641396126;0,790221275349905;1,33866097935789;-1,48001553271273;-1,14172605835543;0,591397473620743;1,43210430063798;0,732756844472904;0,0674528344871776;0,730627707788055;1,20147182880728;0,00281933675882925;0,0139156297877453;-0,938378169953758;0,933107395920148;0,345919150582258;0,129612969355792;-1,68070914969891;0,835461339622034;1,11336731297971;0,659397864012851;-1,0624155012432;-1,51647690178517;1,08693382312247;0,746951040870895;0,894193175730292;0,624863485737566;-1,00497655823907;-0,847085751510015;0,607786491011891;-1,21602822692814;-0,834278455116109;-1,68379936981174;-1,64715870170122;0,658927625056639;-0,714008678780422;-1,41276885469324;0,726974407066798;-0,132288572171276;0,658789813757565;1,41285852159603;-0,915576907973314;0,619093850684005;0,315984306465142;-1,31766686627444;-0,101635970799661
0,280650542103633;1,36397330194031;0,682791384653069;0,357125972856399;0,762653756045916;-0,665601865357336;-1,41436029439607;0,508813022532708;-1,3345515488219;-0,076322693245511;0,680471109091328;-1,48204892550607;-0,616439193712232;-0,415393195973593;1,69186046688148;0,817677502059392;-0,0844252035643737;1,15846538501732;0,301585687051974;0,395342880302142;0,0279391441630674;0,00105787804133455;0,0461755267954463;-0,013630898416318;0,103780263450757;1,09845299647765;0,0976192022180978;-1,56103266918701;1,41191256918022;-0,0895477901170856;-0,0424349095391971;-0,201286985913233;0,78349744963356;-0,853951798053474;-1,0522311652457;1,05504917705676;0,0210917018938265;0,512911297548932;1,63839798621112;1,14738767791177;-1,17615329321289;-0,51927963485649;1,36264323151259;-0,942836344194406;0,329607958982433;-1,71723094940563;-0,331111763667059;-1,43639114897759;0,762863909270061;-1,04344789708691;0,882386762663671;1,25448549916467;-1,68163633300749;-0,0205150694130408;1,62656178493981;-1,46735781629537;-0,429152705212808;-1,05052819728828;-1,49360477095203;1,39127871659665;0,963856889452948;-1,60027810556673;0,823978410380874;0,482074198323568;1,69319017332207;-0,865192385353111;-0,538468418111243;-1,50943787601643;-1,11011251108556;-1,11013919053296;-0,950364680192106;1,12974145591508;1,24714535583458
1,06528562106772;-0,0490212929449806;-1,12910711210188;0,521399464146228;-0,66324263417534;1,59523123599531;0,214088736727907;-0,198685932326872;-0,0885495548437033;-0,493343918172235;0,883000924660344;0,932280643903441;0,589587720779801;-0,145134313897401;-0,858321796969463;-0,658494302772604;-1,26839636617432;-0,141071870819953;-0,576133653465167;0,409700945923585;-1,44555773981884;-1,51261088101578;-1,2589079341584;0,540725347772214;-0,777594051015401;-0,82248046138222;-0,446241641083901;0,71418350752419;-0,463613482389187;1,61311554416948;0,268913435685479;1,85901677040468;1,69633971162292;-1,69840138883557;-0,745382566971402;-1,54276026142808;1,27414447319882;0,0244572119811011;-1,35944144521004;-0,609833706078182;0,304090902228575;0,0956206730097924;-0,465225889797187;0,899038056014767;-1,58427621891512;1,66922412688629;-0,374291679923165;1,32596579884359;-1,27963413352494;1,1599781595658;-1,4723500600827;1,06361046348489;1,6671521753068;-0,788553494857119;1,19050591918238;0,871755037401278;-0,49625482346881;0,287339227460192;-0,4071479495206;-1,54690363747535;0,33533141239698;1,45707691653801;-1,44121391461991;0,255506588321107;1,19491433347658;0,981155841589956;1,19311261961481;0,581847644933146;-1,10589321160823;-1,02170300022361;0,0245329113628686;0,664318109178868;-0,487771890292146
-1,61871791626367;-1,55004175914111;0,375798652537988;0,847385897902946;-0,213232529533999;0,378536557143908;-0,489113967624574;1,41963590697007;0,155159134632585;0,253252048642016;0,297091594070893;1,2958079705023;1,08871033721442;-1,46766612488572;0,722243661394792;-0,911322093438709;0,303255389844024;0,848225897142634;-0,708474415846794;-1,23870683064485;-1,4718705491124;0,945008883748842;0,746533813999613;-0,183180212115659;1,15934865824561;1,56509882942152;-0,602393715209283;-1,19620196102874;0,934528193786472;0,671594443886895;1,60133755846589;-0,56651884040671;-0,192911584555931;-0,169286667440106;1,53850767099804;-0,875439649607715;-0,911220095648926;1,81134802628363;1,56547678883939;1,72206307465126;-1,57211392412577;-1,07079217582035;-1,50729739152027;-0,534090346584186;0,152688931866957;0,774390554377849;-1,61992161497595;0,73230919845698;-1,25517562890192;-0,205385908707169;0,466766272825707;0,00219989433082464;-0,940485553424869;0,200760548188964;-0,666355578084156;-0,716057420740195;-0,448906193868406;-1,09192359333318;1,53570661892966;0,0693380203167953;-0,669972185633632;-0,943814464582655;-1,16579474480323;1,33123407001801;0,499583869448449;-0,78729202350922;-0,16218290292859;-0,3929054533323;-1,15850441661144;-0,0532191469843159;1,84756738148254;0,339576742832715;1,13041848757556
-0,61508730541158;-1,33346328767894;1,36947654010954;0,738562047953526;-0,40720035915003;1,43324322443673;-1,2830526780015;1,45506726691803;0,456505447265469;-1,60182575423281;-0,544797658656783;-1,45919781397064;-0,095732944951344;-1,29380091959315;1,37671894134666;-1,17342196313066;0,545195253678705;1,34458456969176;-1,48278880635032;-1,38995109333481;-0,196453320458349;0,679624335803298;1,14728199137938;-1,56659387696562;-1,0140557188437;0,750874850779484;-0,740307926356499;-0,743640044464005;0,561809975399989;0,189490611375943;0,586315290113163;-0,245855944100107;-1,53511894919974;0,658421964578572;1,41197603754137;-0,174825447140605;-0,304522078829338;0,277790064476825;1,68479383468124;-0,784442451453598;1,08017861512656;0,329305932285758;0,604912412303823;-1,02571794343646;1,12136144238915;1,05637450130235;-1,12034297585175;-1,18068289382741;0,181254992230624;-0,915399817634747;0,0384975831243769;0,319942646327049;1,58487658722573;0,0174076902281232;-0,402743174184264;0,4669706999909;-0,71906293785255;1,27657559816072;0,093122947882782;0,603607131276264;0,514056331878789;1,22226970766828;-0,766237527396397;-1,39247998302491;-0,426458703140199;1,4627406266491;-1,58357368368534;1,00752743167586;-0,944094615928738;-0,107950430427178;0,892782456904456;-1,39208962971256;1,4214730762163
1,32499680753644;-0,654256174811723;1,51779325523031;-1,63320752580927;0,710782666822245;-0,897588402267843;-0,207753275515646;0,373662930121937;-1,22472661934919;1,07192006810698;-0,0664820650300046;-1,54799417070373;-1,41910400606284;0,060012173631896;0,370795001644163;-0,531244092001843;-0,661005799332478;-1,10870215819516;0,338878395592991;-1,51037696448853;-0,508878072223236;0,654568630493839;1,9463876140072;-0,492840190040134;0,514612099154706;1,43568667641385;1,72376358433325;1,23240892259188;-0,271919507776979;1,84082513902121;-1,39359758870873;0,0852029865537235;-0,118563986172117;0,874601288660646;-1,13405677433767;-0,905817810085303;0,274568730068863;0,575338805475887;0,728219617723155;0,744126479753393;-1,2677394600877;-1,27889557134617;0,219457093580057;-1,28604691079916;1,45278578072507;-1,58706039883855;-0,636811573163919;-0,00550979447072685;0,102465354849455;0,077229404478569;1,84862598399585;-0,591408944484572;-0,921074292782135;-1,62424154273491;0,517280615248124;-1,04623977698764;-0,495526712706496;0,293965491240197;-0,0427025488515529;1,38021306652082;-0,516234910488669;0,664954878004904;-1,07108551613133;-0,960434682257976;0,748849702785458;1,9534320245287;0,675686891580811;-0,188588218611061;-0,522599006060683;-0,440055142300782;1,29930425404172;0,86877247130406;0,268195300194112
1,32862369556992;1,47451439842726;-1,04577643755049;-1,34624683923067;1,1634509764098;-0,0533701013585507;0,148955688956426;0,122781182888223;-0,185152764025576;-0,722858536358496;1,37895466192534;1,68520478124867;0,972497191464787;-0,833809261471629;-0,385758110313386;-1,41603912315745;1,61341601616804;1,32409921294376;1,67480117548875;-1,18212615486006;1,1072490794352;-0,605850480562079;-0,0417681196025821;1,50576083422489;-0,67804608198863;-0,133461795544171;1,24303452552807;-0,337884505549205;1,29006721042419;-1,27269823867344;-1,24988183810196;0,595784349609249;-0,857516094652725;0,920985153824484;-0,659250221411806;-1,43600740585692;-0,423212156986108;-1,52549850884752;-0,112285397160698;-1,61597200306873;1,30847395769383;-0,817565405109575;1,21773939512865;-0,613639896594643;-0,844168019960193;-1,05114459909074;1,19509605284543;0,6533047177224;-0,941111791667301;-0,68623975574481;-0,586539114268477;-0,223165737859986;0,986648012835274;0,0284884680223911;0,629111407884643;0,19785465613515;-0,220337001967011;-0,859333740765687;1,02400277376765;-0,439706748042878;0,395798904123068;-1,24977932549122;0,524917503473722;-0,649074045348992;-1,20959621825339;-0,953449207680762;0,806101355904545;-1,68510748235655;1,51764449094986;-0,686370224453318;0,699376564838347;1,40229500501871;-0,300234909892391
1,5196937231839;-0,885738907094369;0,123029984328298;-0,203735113454324;-1,26032518495357;0,557700393869647;-1,46356661938294;0,302424615338484;-1,2420657279187;-1,22826484315726;0,17567995260587;0,959263660039578;0,611051388870087;1,26119699425021;0,754925945999569;-1,54661722192051;0,784475259942784;0,417849628551462;-1,39912687290618;-0,945964101868802;-1,51027055123146;-0,396146219434333;0,770707695757617;0,2881865371893;0,0637251492557543;-1,23569924981347;-1,73331423272146;-0,238147739372491;1,09989498720238;0,777077732846496;1,40037894491267;0,244083539977612;-0,372693841194333;-1,76625033427731;1,08058432067687;-0,999579532619489;-1,39422423089679;-1,50840999784036;-0,879412010438025;0,155100532897899;0,596140403233985;0,839435994675617;-0,267685596000454;1,5418434562687;-1,55341025237888;-0,0314766625961724;-0,256386402473994;-0,644627132508212;1,66074697765366;1,41508204508964;-1,14716330985229;0,471802818278372;0,199777256231988;0,465333653699499;-0,711160557233006;0,0707880176097406;0,00440018143717413;1,49569023142816;1,39338652157908;1,63622084914906;0,445962701582613;0,435427904278709;0,863376412425264;-0,358296676476036;-0,967797003780774;1,59244319691742;-0,513094423774579;0,532249798138909;-1,66443925143515;-0,0905464463894321;1,50845379326544;0,447833332774656;-0,547790286019003
-0,0662950001560397;-0,0555172135860126;-0,773510591884971;1,2012737490771;0,629907569319471;-0,164156035820576;-1,71677721127733;0,444829074832882;0,347590601733492;-0,372719247087238;1,03526581854069;-0,0906816963511796;-0,975871159254142;-1,76202555182011;0,57043790490169;0,377460084901024;-0,903662885975177;0,422899156294435;-1,25377895092284;-1,26434261703978;-0,921026309390042;1,05689170417848;-1,6585353580235;1,29419676287358;-1,72085857135721;0,429763874711616;-1,48131985425063;-1,37323660728231;0,614348916077448;-0,894758389574398;-0,244439659696208;1,23246928699596;-0,102540626836182;-0,894953103116259;-1,71859435769219;-1,49328094424901;1,29565445834244;0,0160564474548595;0,528400950243928;-0,46861026137279;0,993058461593998;-0,95265753398985;1,20328622443509;-1,20266642411738;0,886709971292902;0,926536916945474;1,26985405045211;1,21527685369434;0,127795378252648;1,25012972715645;0,578300486315511;0,650997677033714;0,632360015944595;-0,300014088083744;-1,52848314356455;0,192294132314849;-0,198397622784644;-0,75222651810918;1,12071655321217;-1,60127207261428;-0,484251948792074;0,971940232654345;1,1459609954048;-0,559066775914242;1,18720124925834;1,1182773681941;-1,78955683673713;1,23456278051149;1,27204964252145;0,26230308192857;0,397286463207953;0,395761503219332;1,20997904269988
0,931733756713515;-0,605115952339416;-1,46931580217598;1,59854417571275;1,27548671134559;-1,07696366874684;-1,01222749225394;0,874401727681697;-1,06358818819636;0,184450714774198;1,08767837474162;0,213651583969894;0,816625340683138;-0,875886852527757;-1,29619463256266;-0,84099922194386;-0,243394681320772;0,399647389394103;0,635428576148706;0,598219636467437;0,720810533273721;-1,48600713144301;-1,48029022064509;-0,439364324804098;0,33736857539544;-0,743396599537435;1,50963300132138;1,33296968439183;-1,46549511485864;1,69209946826949;1,61095271307345;-0,612060186077712;-1,31178459551416;1,16784860208705;-1,39580852165182;-0,832255474952744;-1,25044305558918;0,731699771592362;0,646917743630639;-0,832468111698696;1,05794357812071;-0,416444873535854;-0,566107429709721;-0,294040847313322;-1,01560985027439;1,3322536938645;-0,701506498476651;0,919056695822257;1,55760277122929;1,00555832648013;0,447085972732223;-1,25002114869803;-1,34489443817746;-1,30927739005638;-0,581914164174703;0,915405544579571;-0,627161075271277;0,721412577547117;-0,241159743259645;0,516547967306079;-0,835232615149227;-0,593833121726778;0,837561498963386;-1,00432360154685;0,324862056619743;0,197403217242382;0,0231008359070994;1,40014079351508;-0,98241367445289;1,28742489730908;-1,09289150993163;0,776269602005863;1,50409370068246
-0,302052358462968;1,24391960047744;-0,687521276979706;0,707436521265785;0,396920183027276;-1,34155900499201;0,620016863917073;1,73103953343722;-1,32485186466798;1,51799371873209;-1,10093281659229;-0,561894513760925;1,32202782280586;-1,15900440407736;1,77695298419721;0,0265533500314424;-0,914588537784635;1,5407723523728;-0,518956970594651;-0,879177643911786;-1,86137081517061;-2,01013586464475;-0,0876809734379691;0,317927574756934;-1,50247667837367;1,05834524555112;0,365718476390333;-0,48711942642507;-0,67027095720413;0,203417430240223;-1,69837944273545;0,433060448629683;1,39610638392405;-1,43093206680444;0,252117604097732;-1,25233121236968;1,52708580154994;-1,91549828638451;0,389894491821;-0,0926640518055281;0,616806701319946;0,38913643966247;-1,92414258746023;-0,692324578498092;-0,197881258650726;0,909004773443163;0,574676475930511;-0,886120354937468;-0,232048590884893;-0,669500040627036;1,28724187507407;1,47810899588471;0,762812803747905;-0,491091880450885;1,33961472296825;-0,305275277730542;-0,681758209996918;0,774427088037304;0,196554415727125;1,1184508772501;0,0725984583915996;-0,906222493570184;0,387951706729025;0,251606644865738;1,20301437755521;0,245882674551971;-0,178124957911036;0,73960110569797;0,368753931598849;1,01592541265456;0,279343488255449;-1,01244903531245;-0,862480923360529
1,26958279608689;0,25705922011562;-0,457139487751463;1,5916956984639;-1,34508904483773;-1,42917619225302;-0,60951069082928;-1,45959858464877;-0,732482073655993;1,43165420446774;1,67236349403735;0,647191931200991;-1,33363317211073;1,36096391248923;-0,131078351729012;-0,949386388630724;-1,38981453302179;1,13301351773213;-1,2049843537059;-0,326084404607307;0,983473289585946;1,51666287564195;-0,475785020753317;-1,91629707740962;-0,386376781413644;-0,120952558453469;1,25304549051204;-0,888388574145486;1,51698269862309;0,485283559208255;0,491815068242065;0,774959020221666;0,259369321943078;0,29808255239406;1,11389570888241;0,939527417360339;-0,203917996391292;-0,21922311256361;-1,22931251205686;0,233136571141875;-1,13351817424489;0,589196982747854;-1,12787813210369;-0,628012226077769;0,356287731715243;1,25240096409181;0,543275717156309;0,533210920409512;1,62390592349442;-0,27961799905072;-0,190217728283385;1,49005042052972;-0,459679960904871;1,02917693925195;-0,138427435281437;1,42601313072579;-1,18457425342474;-0,458260904635519;0,060653985583872;0,44895672389659;-1,0091284724842;-1,63854061097747;-1,303488072991;0,455327577416607;-0,977579358068001;-1,02001402047799;-1,52959588503576;0,0413774857760647;-1,67035029068685;0,602487441191505;0,927624818041424;0,502501789822678;0,44490753549532
0,493900374342576;-0,842860514079154;-1,25350020953923;0,983051455833181;-1,49407427217013;-0,335478315782342;0,294466349434636;1,26307694844724;-0,929925887111227;-0,573727221716832;0,140278464787859;-0,973989004225767;0,93110529938355;-0,41825867642599;1,15814100361781;-1,21152389929733;1,61304205080579;0,465783658255847;-1,39258085882468;1,6450859030802;0,255215518768408;-0,410679086888501;-1,14342896274362;0,235777288086273;0,349699731347711;-1,29793692821641;-0,277459193403967;1,11966964605495;-1,1465341292962;0,544758974866939;-0,630179816878125;0,723371518866435;1,23475933060081;-0,606599989839253;1,23283838034817;0,480751876299744;-0,269097461954997;-0,950742208213192;-1,06829503481161;-1,50500377092634;-1,61919579538125;1,36676129040267;-1,45806679947254;1,12878926250875;0,747794315371148;0,0415280228451273;0,280890119221702;1,58807802799153;-0,49479814228945;-0,132364576131603;-1,08959584263138;-1,25198156299978;0,929538954961544;1,03797109990939;-1,19803304269398;-0,740794348920556;-1,34480536148717;0,433979942211634;-1,01202208566616;1,72712009588342;1,86523831745877;1,09805414321683;0,764237267591811;0,448572577858976;-1,58892121499034;1,34016438575856;-0,285490894989441;-0,10766852092883;0,272160383062984;-0,967984682833563;0,98083100249481;0,918410448867346;-0,111295117084177
-1,5064335452726;1,4116298852582;0,664309040380777;-0,640821607032129;-0,410268239662645;1,21936655501598;-1,3252048027858;0,23168927689517;-0,033753603162421;-0,115805816851339;0,754462185359667;-0,097393947396056;-1,03483889316673;1,50252914819942;-1,42832619095607;-1,0629549285801;0,216717354610438;0,0796256554134734;1,04247845926281;-1,55378294423062;-0,894655980428905;-1,42684401225883;-0,822288845966657;-1,05268665324424;-0,0718069254343202;0,905601665030456;1,14497385772125;-1,30775562246172;-1,25078073069551;-0,392210413228482;-1,17243027209951;0,662781611083477;-0,165654748368898;0,637329933217286;0,669312534864645;1,15555905341643;-0,167264217071807;1,56118854016978;0,771427871053082;0,788633464006148;-1,30945812013355;-0,330391304105859;0,062924605420306;-0,56529995249796;1,55929766910541;-1,18501680835574;1,16999044703694;1,3444372919942;-0,533697428505689;-0,734436642922515;1,64146639093528;0,630403235921455;1,4718088616731;0,706358906665981;-0,906093177290459;1,61381417417256;0,623401465584665;0,106478427984819;1,12438902558852;0,377533802493224;-1,53612456834547;1,67595452686225;-0,128047258049519;-1,25206045557414;-0,553892810392025;-1,51883669136401;-1,54225646466735;0,0212348808023065;-0,777300652305422;-0,890481537186174;0,797712995678033;0,348932521626982;1,00160149154672
-1,55403121498783;1,30857628422187;0,98215310191487;0,0378945493362246;1,29565558742064;-1,10706197610065;-0,67725197213097;1,28810574594757;1,35434675491259;0,768108283250739;1,03104476359347;-0,517035509797947;-0,281514355378126;0,732430606121141;0,668167831608838;-0,238320811032268;0,594210935208472;-1,27007883608784;1,27856233420175;-1,36736926587496;-1,41114415709644;0,558847249968541;-1,48805753275444;1,35140776979154;-0,471387978386801;1,54621386029168;1,3274901582777;-1,44854134224989;-0,640985983434499;0,351713119121435;-1,44900612119634;-0,00534528972206813;-0,494294125857292;1,17913186214847;1,07277790306868;0,800081545173877;-0,518622432829411;-0,374264922515265;0,728363733438566;-0,767189119509225;-0,15846136626592;0,485063596535048;-1,53361456870017;-1,04107907824807;0,226298314832667;0,627588145150727;1,10438245546133;-0,894060217664271;-0,853691799786189;-1,72290122536181;0,000722138330420981;-1,62133483617389;0,923300803143597;-0,259514594114219;0,450155091619307;-0,555026305773999;0,983613637069352;1,1885974913057;-1,30373765218393;1,30729388631132;-0,876699975195972;-1,04173080978804;0,116071549475119;-0,810386544115793;0,40409422454013;-0,776630126591417;1,53511077524171;0,0972059416557781;1,21750486223483;1,42593844561733;-1,53271855810981;-0,844544322183217;-0,440590410344035
0,395622621251448;0,519278567322263;-0,212039995064416;0,445324591577106;1,33000643692888;-0,583982683565324;0,636251018235374;-1,31102186217984;0,582680736166891;1,17266481837534;-0,629943307000339;-1,40768023905312;-1,59778508284547;0,81748998174337;1,55579582161597;-1,00548602536882;-0,0490924132152566;1,61032544768239;-0,0109482780111023;-0,792149130643604;1,18960377892012;-1,6646261657875;-0,841311545860892;-1,38852627906292;1,03606422631001;0,267881343849188;-0,713988884856166;0,839966314800327;-0,709468741037212;-0,441190065915922;-0,620019109025182;1,6032489305257;-0,881748462495619;0,549245794923811;-1,04635309124642;1,15818388714706;-0,942139209171177;0,917699850320785;1,67020146200808;0,215540055561252;-0,0698897827888831;1,06887764155643;0,438068170384179;-0,327516287696601;-0,879716106241608;-1,08777307062443;0,394595003811229;0,309737832654734;-1,55553242535295;-0,524247259718505;-0,288591446506609;-1,72622641648658;0,333663329109289;-1,73964962128072;0,295185703434974;0,279098048929989;-0,420560624925808;-0,604664454110455;1,21487237501011;-0,719025645029266;-1,65114453681812;1,60189671317807;1,20405888860039;-0,75727993602615;0,0115331892915577;-0,427580227783022;1,27968023318552;-0,341418868026268;0,0826923348808255;-1,38353880364005;1,74226519354538;0,838819746206977;1,74573599541733
1,40145355877465;0,938567643389255;-1,62321151117911;-0,350301400562545;1,13320405455786;1,13785847308129;0,247030830557552;1,49461005602014;0,657096973781591;0,500672637352754;1,43998313014976;1,47044207765253;-0,703098514706224;-0,550557303193606;-0,934934212265555;-1,498721761619;0,375386301805701;-0,26190528192545;1,29782900262678;1,33545793667113;0,494817009346681;0,00693538001148951;0,052023794565362;1,48670413436558;-0,619870534185036;1,29635873393446;1,19077349205005;-0,597498581440758;-1,0487365661088;-1,52394444422903;1,45233356961845;-0,503253261204699;0,560290016874435;-1,62874424692533;0,450071207592402;-1,02283043876755;0,0899625403787145;-1,19796811090565;0,0141253568740462;-0,162421058242708;-0,921597073695803;-0,625948114168103;-0,658725335404142;-0,813886340934778;1,22420279166143;-0,637496972798604;-1,09498795138562;-1,65751564892707;0,32087704265415;-0,628905019320033;1,24181468392084;0,510132037274219;-1,4799850391523;0,987715602626993;-0,673732466541556;-0,341411557150051;-0,849385887089321;-1,49699700190317;-1,46636060229072;1,44976396426492;1,56000362467276;-0,891400323914903;0,807416886215726;0,445111682097412;0,661257711375819;0,207306655441249;-0,825777675135117;-0,81028400369411;0,61229013285551;-1,64803350941122;0,0242343416438045;-0,162575323201867;1,33688800484202
-0,231432611403213;0,576521863959362;-0,57566789084884;-1,03714048023581;-0,834089011682459;-1,44594117816327;-1,69424256583506;0,712692654377717;1,17602901073961;0,752366207475871;1,25788630832245;-1,12086734956164;-0,756730085196468;-0,721716665051165;1,25018600755155;0,715217409075034;-0,909557829152869;1,50772094538921;-0,102950110582171;-1,43996759586464;0,227865270882845;-0,0629337425242671;1,65297318397256;0,230170691999663;0,564309691380701;0,187807034492356;-0,680990295270372;-1,5212003725083;1,39490471979753;-0,617974231212877;0,284345460207721;1,02131386644856;-0,288074303259127;0,84526787879323;0,46243551210431;-1,23899641798578;1,62420508865024;-0,973059433359608;-1,69119321095559;1,65969407125846;-1,45664757081873;-0,906653500181368;-1,25820763550518;0,0754573519146507;1,29252565694292;-0,0918036687533815;-0,236770417426498;-0,732086936177335;-0,355821555311131;0,194857514327055;-0,133595445127834;-1,44711798222511;-1,53648749723843;-0,388893665571865;-0,536281525923217;1,51509360171109;0,607141150576833;0,877753887741528;0,082142298973517;0,661696424415215;0,918641587697128;1,51055027726327;1,00138040517021;0,0818875944159218;-1,24409490026842;-1,47554320566268;0,850799424287517;0,0815945066003335;0,499440293434556;0,777066778000762;0,774604791014826;-1,64861404332983;1,48679850880823
0,0787208662642345;-1,7559542857954;-0,487152372206996;-0,418192326074711;0,0156710408457296;0,873583507958748;-1,03016600080126;-1,29297062382041;-1,71688968026167;0,756646377721475;-0,412774382054529;1,5296148465522;0,19040913663894;1,1283432461066;-1,66045195034211;-0,206760475107342;0,884589937531216;-0,0160482267512153;-0,927628116409379;0,881702778157335;-0,591236701438723;-0,933755925647276;-1,28850668216702;-0,0863036077911597;0,558334671623203;-0,277130286966718;1,36700718040711;1,00950776175477;1,71804873039542;0,68156468209175;0,79352467204307;1,421366927627;-0,0552663878660856;-1,25073070797726;0,425147379683551;-0,291897553972044;-1,7279919250277;0,531459510430474;-0,932974464215531;-1,48372818898505;-0,483036893819658;0,437590114634082;1,15315454605592;-0,648536089667308;-0,0570481322786622;0,811188582125241;0,645339061807901;-0,555300237176284;1,01971262997318;-1,30706419075086;1,93015630417296;-0,708381267038178;0,20040414652034;-0,505103666846756;0,672387566209556;-0,762410084355792;1,6119609455802;1,67855978479274;1,10288155151066;-1,48208554845485;1,58598487676022;0,039734786652557;-0,931610805007259;-0,319045813144846;2,04253025488698;0,245267239527054;-0,190005641849015;-0,333747031651104;-1,07169100984425;0,71085415283851;-0,253655426346948;-1,42175644916656;-0,857960638802987
-1,19008382292002;-0,483820998105477;0,791974234280706;-0,132152103421362;1,13159981669192;1,66499613317167;1,46970608994755;0,884866451468373;0,00315660146915357;1,68163486287514;0,966342835168295;0,600032468380019;-0,364020489515448;-0,609395200957174;-1,2828933524467;0,0109033939672708;-0,638571280898413;0,0277248096495781;-1,2847218628846;1,19146986708067;-1,19618797939303;-0,990528241341264;1,23396091146765;-0,47992456095356;-0,389965232729452;-0,659819600417561;1,42650663322338;-0,801340243075636;-0,820649402212326;-1,22476577807653;-1,40602371472978;0,770504451845335;1,25176859567346;-1,54513749418819;-0,436263453793435;1,60761313493968;1,36023437519272;1,03121377020763;-1,52509862416363;1,36599955755845;1,0584943684899;-0,614366663918077;-0,419342811036871;-0,0819828429472797;-0,215060449802867;0,686261907315267;0,346579318714753;-0,97776881683562;-0,68443638440489;1,26255099204889;1,26750813527325;-1,20824694540311;-0,738199359508422;-0,868278868126168;-1,35453117265287;1,49099217532251;-0,0272341526718664;-0,403880767082676;-1,41796643300885;0,115639854792543;-1,43729006236864;0,595266770706244;0,0297362913637567;-0,447857182771259;1,41187901528797;-1,47994117899398;1,03881162960783;-0,494662557644204;1,51741600973753;-1,19995873048512;0,341216775675812;0,0207627057952259;-0,122956128503735
-1,01065488138388;-1,61952449575106;1,15141975234188;1,16253463289086;-0,383280342503424;1,48265137140388;0,634747976115626;0,707720965381938;0,754065219315309;1,63727512917661;-0,417575103453912;-0,845071567312397;1,55276004395578;-0,181839186160406;0,457036804163376;1,56025341845217;-0,25460724426474;-0,0500147401313079;0,0850747931205483;0,800992293030644;0,0448134290680584;1,17104930332078;-1,2743992358678;1,0863332103431;-1,72869011087392;0,198304752880889;-0,436643030867453;1,39101677042082;-0,879360789627106;-0,848113575781589;-1,21974935282241;-0,795661428655331;-0,455595067938038;0,625276109509461;-1,52651755973841;-1,05358568604541;-0,814748496388433;-1,37012216094724;-1,41090801955594;-0,152516427914815;-0,364368836910638;1,16533161611032;-0,503879964179447;0,737004740215632;-1,31707710621911;-1,38868291084652;1,67490883893222;0,387452498390817;-1,13716918124671;-0,324988694219205;0,0746335686013693;0,548219728661509;-1,49421875209816;0,972910273110596;1,57889781305504;-0,422260340465529;1,41431858435587;-1,69340210756509;1,1327360942009;1,17785874885482;0,160805752707455;1,00317504993394;-0,171406894554834;-0,15630985446698;1,09853583243513;-1,38040232436246;1,36996734486477;-0,831004715117555;-0,413810275985872;-0,247866159355089;0,61651326527673;-0,642973732881376;-0,397595370139242
-1,57681764140319;-0,611552981657561;0,670292203334053;-0,0813912355215041;-0,256597707382204;0,676530534956235;1,48234664169914;0,299815503402564;0,978694440958015;0,806348833446335;1,2593184363062;0,876055934586339;-0,00332467227922792;-1,09722212561487;0,349858103710622;0,843933615723839;0,687210339361506;-0,731546934597533;-0,909847454123485;-0,767913544324315;-0,857293951069218;1,51011010538679;0,413283244777404;-0,433249581747116;1,47447808574172;1,45995288622834;-1,75812640381515;-1,03404308357657;0,783176322566384;-0,990365952335228;0,910851662715917;0,85654316525114;-1,07740226468347;-0,8399717124367;-1,79625397324577;-0,194683433652996;-0,846050791179431;1,48370567357343;-0,0903913888753797;-0,596729592469988;1,53780761849576;-0,892820686695771;1,03025003395244;-1,58109735588363;0,403987400355055;0,802957071625987;-0,672209171614936;1,50267237654855;-0,742990843651537;0,133117515193344;0,723895662780272;-1,34480218473366;-0,267189343047702;-1,71951096542617;-1,37483551241215;-1,25083290621624;0,811258614138774;-0,720469052533459;0,280225519310515;0,119544246963194;0,610646101156757;0,692378887661081;1,35273402140992;0,145049555678615;1,73159201130416;-1,42123556655957;0,129447361655178;-0,987363797457156;-1,12497898998373;-1,27946930025101;-0,134026430711358;1,03959950636182;1,19493929485159
1,58231653846753;-0,30616941915957;-1,55611435084334;-1,13499828389346;0,300385643408112;1,08558364712297;-0,953351992999801;0,430967755240271;-1,21134239971175;1,60322918914723;-0,973692758283856;0,254385232983502;0,548006862029463;-0,524769416557015;-0,981227456597487;-1,08286860564481;1,36215162104139;0,925693744627658;1,76005353942512;-0,449188738020152;1,68010729511945;0,734785393060503;-0,78853128796812;-0,249146777080333;-0,750837690599723;-1,26052160386792;0,14006682040481;-0,951467210316712;-1,29109755411114;0,900566797390665;-1,08133831792569;-1,33659958395574;1,57986567905415;-0,527961725611998;0,182446692620391;0,694497617637529;-1,1977500888564;-1,50134292357384;-0,982383566764382;0,24958460851751;-0,231931527660913;1,70032149417288;0,339214351875098;1,07096299250887;0,804877113825399;-1,56778151396038;-0,357760573070857;1,19578755233228;-0,346955773846045;-1,30377025922937;-0,410356882923545;-0,120316901812108;0,13091458647387;-0,0163995426025146;1,47038554873218;-0,742253600999646;-1,10742287759812;0,572105817645927;1,4949127981152;-0,0288774991306431;-0,644267919688512;1,87718860872585;0,13228056294474;-0,23283580569348;1,09478276066625;-1,22687792073479;0,55359294533829;-0,513816158765211;1,17185728223153;0,203348317173921;-1,47490326319508;1,27370979820855;0,318292564985367
-0,335014267922799;1,34703346611639;1,53738994186444;-1,41207877125139;-0,239475281079191;0,538661957395278;-1,00500501989389;0,684791803721925;0,537022697648572;0,97292047823323;-1,78198368358761;-0,527788070979783;0,628508449386843;0,13920322072339;-0,252129422471982;-0,37361638247863;-0,900905200358596;-0,0534529363684438;-0,15287873117608;-1,33766140948528;0,635768769055937;-0,930706165487988;-0,480630234364128;-0,279395938654711;-1,24158836707413;1,53390672556996;0,16858230670392;-0,492468714230686;-1,64346641444826;-1,77110813727223;1,02528833016195;-1,62890063925789;-0,0700007113447294;1,1331926647846;-1,59112998783385;-0,0643483025724418;1,18162715908568;-1,35760323700546;0,468160327428781;1,31255799250488;0,396572520438626;0,585838835210918;0,13910042289935;-1,21204946578349;-0,142840949284544;-1,7497629271225;-1,62349281518315;-0,0259195827827301;-1,26567980919427;1,17576446224699;-0,0196201212021117;1,5484289488139;0,0265536168242195;0,515532300299589;0,970250927587683;-1,19853445054787;0,0334373523674597;0,0225595324060955;1,38642778010685;-0,216463822365043;-1,4241466974217;1,0443818786209;0,534031870057127;0,513904486807749;1,50455033235538;1,40383513995439;1,09913082464905;1,05223396888635;-0,0638931395558171;1,36913706438457;0,0016746427197976;-1,33752831146619;1,03530492048688
0,312768539220538;0,0574342200188436;-1,43106317851724;0,688583275775366;-0,783706726151038;1,57509234709198;-0,995770039518942;1,52076674415938;-1,29373220553068;-0,74400803591767;-0,973219932276827;0,0410443162651257;1,20786911644351;0,132268161444362;1,14860168799534;-1,32371164658007;1,33187576049166;1,61191989359448;-0,377477385497958;-0,901786507729559;-0,828158044956952;1,12114267503732;1,08944449373765;-1,42928015957131;1,34877613607947;-0,875729199622251;0,235598101376127;-1,00139712250524;-0,836903337676002;-1,44242071248291;-0,798042427290302;-0,363207589180974;-0,226592457297469;-0,991068468654418;1,64313199940655;-0,820346048125346;1,10009509249707;0,103588547003993;-0,437154003439082;0,37701415349435;1,0601343112668;0,204288045522522;-1,31170850624784;0,483458002891451;0,227881110659447;-0,805502427740922;-1,0312985391231;-0,0513683890568408;-1,35714491240736;1,07062042665038;0,538108107768609;1,61931990672283;-0,873555197279344;1,56192606965753;0,558985679288339;0,896433753083736;0,672797615181712;1,70302486995458;1,04461502859641;-1,38646986491081;-0,13899809266617;-1,47286525539573;0,879177743453359;-1,3298038314298;-1,42445794700939;1,09479554580466;-1,21085556481943;0,720445246715906;0,193944050938328;0,490455397738663;-0,718998850176625;-0,250205124894354;0,57058155865154
0,962595543098677;-0,455309199033588;0,636188785222492;0,967342711386271;-1,17797556994505;-0,0974248768947452;0,640210148119157;-1,70690809245944;-1,55260618302695;-1,47183513307609;-0,39142981242941;-0,477160891433496;-0,990141917272809;-1,29028593679313;-0,251679937880321;0,0283528387225055;-1,01273536195259;0,0951837888894023;1,14057709776612;0,743544387005145;-0,774798049915392;-1,28363385596008;1,0849486638798;1,05607333910106;-1,86834616593573;0,350902339914056;0,830575423809439;-1,41358273008958;-0,208494733841804;1,56053322029353;-0,321060680874978;0,211984544472408;-0,96386617561377;-0,658044532704321;-0,293195590901645;0,24653262554045;1,71546828614662;1,78058537310279;-0,0749196718992241;0,0543430247104153;-1,45647387669891;1,77398362567152;-0,653594567357142;1,43745508963815;-0,619109734216503;0,610780311663366;1,01260739949134;0,532950043152082;0,524982330925536;-1,22529465636004;-0,802485765781538;-1,56220659835614;-0,289678998130713;0,657866158508128;-0,598131245828667;0,356633584956608;0,308349928482164;1,42872323751699;0,946093063219849;0,31972988153645;0,920607490691368;0,164197064106589;0,350194432777918;-1,26453161192493;0,697833339194441;1,24519343449373;-1,40289052992187;1,51651040682706;0,851517445504063;1,35039522797478;0,161492343971439;-0,944712943659824;-1,71949235331352
-0,760712229309733;0,219491314150174;-0,669900109887833;1,01871973451273;1,26296695751243;-0,242398267035055;-0,608598941796802;0,990851767651586;-1,45473988851198;-0,132869244390269;-0,821818861066052;0,362942699971685;-0,624379589553597;-1,27517284938579;0,1459644508555;1,52046821667282;1,00130332855616;1,51879255696205;-1,46431529827012;-0,982261583637657;1,22587822575575;0,810825999025613;0,146898546974369;-0,463641461600649;-1,1790049609103;-1,06575393279573;-0,0675138814820294;0,0554932928017554;1,12972798089932;1,29283553643806;0,846778073905979;0,352731839577984;-1,59150055569534;-1,57824801473065;-1,26459516042693;-1,41089647406168;-1,62686560069796;0,81463628693317;0,527896261858497;-0,270601824201709;-0,329147532984284;0,810026560931589;0,494564429095209;-1,49299727679029;-0,64035770888641;0,0436810300128469;-0,531851815460185;0,600654427430783;0,138894306319587;1,3336559035846;1,26758312848279;1,1891392503674;-0,163931555009603;-1,61951887860725;-1,21964995351662;0,00165763215656461;-1,64407708514193;1,36693721220473;0,481054843105287;0,61205103799042;1,39831147493889;0,909103625893353;1,43431964724418;-1,17437956445813;0,593548542195662;0,398645159847875;0,237773403349288;-0,762801427140687;1,56261817153305;-0,159808927400556;1,43066396505304;-1,53000281069474;-0,725773557214184
0,430650619208526;0,940969843964425;-1,15553251214107;-1,2495443401569;-4,98401258419695E-05;-1,38127341308203;0,403300918672158;1,05350444677273;0,926758808821804;1,4787719629673;1,36499603908634;-1,52425341956707;1,23431674553253;-1,06036747579275;-1,52164242977449;1,21898932548636;0,36217439229158;-1,32797174624726;-1,26861163690381;-1,23319459164182;1,47806042030518;-0,0179321868977905;0,388607591044182;0,968176480786554;0,0273712758522178;-0,412172162985799;0,576695532976429;1,37428067702961;-1,33007778231537;0,649419521673511;-1,26611919417028;1,46592707660485;1,09279542869253;0,259562819261711;1,04452540149588;-0,839850402622255;-1,4714695656615;-0,22455835722821;0,0779866357282046;1,19597789285577;-1,42485852916828;1,15418962358528;-1,08243740986113;1,00933610674856;-1,48668336714274;-1,06001396624715;0,955911195745305;-0,0389838648679972;0,270430124218754;-0,309139118385287;-0,362749487118393;-0,29855340282428;1,14347338969927;1,4188161030967;-0,533256358174289;-1,09950857682657;-0,995729130012647;-0,566207496189447;0,280585880729068;-1,13596906007293;-0,400467449320279;0,586521738380731;0,835490846155203;-1,2707520957846;1,19679977420468;1,45657045921968;-1,05954735152141;-0,573337456662069;-0,547391380550448;0,875709469585952;1,14236750821497;-0,9613586334131;0,15154311476272
-0,778483189794274;-1,26569863248746;-1,12234770075611;-0,319283202272265;1,22080183944291;1,18826816186862;-0,294474564647943;0,410450442129561;-0,805941766044255;-0,276621348512728;0,786856899017757;-0,376030977013584;0,844728714903736;-1,12388426257665;1,54035139910005;-0,61387039693335;0,851241941851151;-1,30450027444843;0,912284185440197;1,34612902753001;-0,15723514622064;0,257495583485378;-0,287071697202193;-1,12795568349357;-1,26933020153631;1,69058774965767;-1,29749539024408;1,89334728803151;0,184634703600864;-0,922255884315488;1,23755326199255;0,31999520213616;-0,824450915111629;1,4058168686368;0,749890332573299;1,53565786818933;-0,724310974575308;1,22601305731741;-0,201544688264267;0,296716159465656;-0,669740915671799;0,456745577253601;-0,896734865360394;-0,355870116033939;-1,14939297857512;1,09708273528412;-0,81550016292286;1,43478027084966;-0,590291879349389;-1,2762479207199;0,654144556230007;0,985572954504014;-0,942076141876793;-0,289604197944414;-0,94690046265612;0,857874461690632;0,915226299685013;-1,46791045721942;-0,523471440692828;1,42406732475552;1,01224511215583;-0,293968617709172;-1,24770270142818;-1,35720432168564;0,379678624465002;-1,00665674307528;-1,02509850185883;1,33276508123722;0,0200786398203337;-1,46882490904616;-1,36307786231492;1,51908211950402;0,790897648786122
-1,06892997322965;0,42710178845922;1,21504247445158;-0,49344258473895;-1,65307878324589;-1,70367768947311;-0,657192519387357;0,950832880532108;-1,04806697952856;0,926849455660987;-0,165826526617734;0,186828167878904;-1,45737389973095;-0,378229285096742;1,29958637559785;0,786977316176898;1,75563087696069;-1,06373394085309;-0,932145810245551;0,142505243988778;0,134252309374063;1,10655203079704;1,46953571343315;0,0943901812920323;-1,23463165765447;1,08516361587327;1,71850298740043;0,540680917649531;-0,424131439527348;-0,215164624281078;-0,787987704322342;-1,63381455855721;0,946929292190899;-1,51859648444488;1,78112032718098;0,98216591697251;-0,508006249781703;-0,468942863746475;0,751965957596494;1,85408573957945;1,81660494799206;-1,30831841710149;0,250605533022499;0,477755462046829;0,551496553288549;0,0818543007187674;-0,0158986310299169;1,02142406788352;-0,676094098779373;-1,24200685703308;-0,0155092637778532;1,21316502380648;1,19455320114258;-0,398480421238247;-1,16819335466981;-0,304484801468359;0,828563277584401;-0,605928224576629;-0,985391444820654;-0,867245196560838;-1,55118347431522;0,673123765521443;-0,351616197676717;1,03809484731085;-0,0117433577528439;-0,258592485796702;1,11089607824634;-1,66535793302224;-0,288352409719388;-1,40916005911083;-0,431596951777572;0,497993222970991;0,0552973041087458
-0,802469741485921;0,31299949135755;-0,169350949064518;-0,757735573437033;-0,621494197466332;1,53364488833042;0,671686397043176;-0,511884258536168;-0,917079896062557;-0,395824247541993;-0,795920900887654;1,79186848238011;-0,0150349834136451;-0,844732397555472;-0,266803531770748;1,64066833540628;0,475613129591797;-1,46218708955001;-1,51803484577723;-1,09825228655561;0,00781955737822507;1,79923738359565;-0,469338028344839;1,03254980796175;1,20227050266974;-1,12528292114011;-0,803730645385083;0,959993166692716;0,0381584766234586;-0,302543699072091;-0,880984862042509;1,17928112949559;1,47707953495575;-0,454908318680207;0,499868118170019;1,39495840261884;1,10528608459698;-1,0484025029153;-0,0481956454646085;-0,0337573260456428;0,447599217038983;1,7496706649523;1,46887560014854;-0,429771564565041;-1,05749000788009;1,3569756866821;-1,49748316390809;-0,915375645264413;-0,119706260391819;-1,2033897151919;1,34280325811899;-1,45194125505434;-0,415596830657869;0,0970003841386397;-1,4530958610849;-0,609584138120601;-0,833913154093243;0,790222229934696;0,0321169108541894;-1,11246195012186;0,721124859919872;1,70381621731143;1,44208025180134;1,3775867899705;-1,13109005929512;0,0169209565777194;-1,30146172637127;-1,17637733852907;0,647522471235475;0,330361052571379;-1,08086842298634;-0,0922350412885368;0,578131542875561
0,368917255514218;0,309720370527517;0,12128744339995;-1,35556896091242;1,75785441456612;0,336175694249921;1,64716069050423;-1,31534569925132;-1,56584205791276;-0,635159925737751;-0,479559425170394;0,214065995842995;-1,12426264390506;-0,139870154695008;-0,346376533100768;-0,71352499747287;-0,606555721526113;0,46964775633191;-1,37027630440387;0,757088048787283;-0,649997243643742;1,07015386510002;0,588173368135849;-1,37746122942976;-1,58541238526393;-0,998933245709737;0,762960677918358;0,882629977014991;1,4871840411029;0,293331851866572;1,36320118553164;1,67810210475396;-0,293539113886312;-0,155807283694963;0,908101112739927;1,46010610376575;0,158285138097154;-1,0229813183711;-0,883003028743339;-1,36895993120977;0,0602871741135163;-1,54666850638189;0,466627994441247;0,4806998575633;0,0734678581854161;-0,682161217665191;1,7134098089797;-1,63636161752307;0,771729326784106;1,25913322463929;-0,563419268303359;1,524530364273;-1,46136406028499;0,830808541947612;-0,586689798054605;1,09465678278812;1,51744039476559;-0,174428265864856;-1,44333351434306;1,08361072158129;1,36910840870549;-0,908646225205325;-1,00663634798029;-0,0632805174054041;-0,202467718895466;-0,361768137550426;-1,16557182896526;0,827438032163826;0,747922124938989;-0,0105892444925932;0,924083256803901;-1,25675134184958;-0,320526153619316
1,74733121899225;-0,779044119311918;-0,596815260106587;-0,864086219538137;-1,31635459485898;0,425668346384014;0,925005559580367;-0,724407112175491;0,77320451183192;-1,313229951152;-1,20642002620491;-0,633211857471364;1,60144191895381;1,44801969736669;0,723424118649639;-1,02149123672175;1,57844203999667;1,69625771402906;-1,11099546578844;-1,03109209818723;-0,0444994894084383;-0,747861759083583;-0,530931329823744;1,25616509916341;-0,931205753571969;-0,791474076570646;-1,01752201470523;-0,973599524125502;-0,606570357560401;-0,42530390435251;-0,701074628960001;-1,1088651383636;-0,782206747244972;0,267860917328104;-1,2200245414526;0,233331763846921;-1,24128016383399;0,558933580784206;1,39666863802566;1,27498293692155;-0,38125979944491;0,409183391097025;-0,828129954940145;-0,818404465741348;-1,01455543044727;-0,727672924943556;0,0736448093018908;0,0818272390241217;0,0735667347061366;0,472705868997221;0,963148519664484;0,153771364792502;0,650324946913507;1,74495138424722;1,61194819240367;1,0808510054162;1,50041861322199;-0,104448956559836;-1,3472224386258;1,22365088442183;0,0288483884296148;0,484263111046241;1,63069464809507;-0,215833556475198;1,13637608051816;1,65097651486885;-1,26534708288602;-0,080760971033922;1,25370226615967;-0,924249617856909;-1,19455304554739;-0,394833513447159;-1,11475289665622
